country_name,country_iso2,week,category,weekly_rank,show_title,season_title,cumulative_weeks_in_top_10
Argentina,AR,2026-10-04,Films,1,UNABOMBER,,2
Argentina,AR,2026-10-04,Films,2,The Equalizer 3,,1
Argentina,AR,2026-10-04,Films,3,The Substance,,1
Argentina,AR,2026-10-04,Films,4,Demon Slayer: Kimetsu no Yaiba Infinity Castle I,,1
Argentina,AR,2026-10-04,Films,5,What a Father!,,1
Argentina,AR,2026-10-04,Films,6,The Widower: 'Til Death Do Us Part,,1
Argentina,AR,2026-10-04,Films,7,Blood Work,,2
Argentina,AR,2026-10-04,Films,8,Doing Life,,1
Argentina,AR,2026-10-04,Films,9,The Mummy,,1
Argentina,AR,2026-10-04,Films,10,Black Adam,,2
Argentina,AR,2026-10-04,TV,1,Not a Stranger,Not a Stranger: Season 1,3
Argentina,AR,2026-10-04,TV,2,My Sad Dead,My Sad Dead: Limited Series,2
Argentina,AR,2026-10-04,TV,3,The Final Problem,The Final Problem: Limited Series,2
Argentina,AR,2026-10-04,TV,4,Shaque: Trust No One,Shaque: Trust No One: Season 1,1
Argentina,AR,2026-10-04,TV,5,East of Eden,East of Eden: Limited Series,1
Argentina,AR,2026-10-04,TV,6,Monster: The Lizzie Borden Story,Monster: The Lizzie Borden Story: Season 1,3
Argentina,AR,2026-10-04,TV,7,Minerva Academy,Minerva Academy: Season 1,2
Argentina,AR,2026-10-04,TV,8,Habeas Corpus,Habeas Corpus: Season 1,2
Argentina,AR,2026-10-04,TV,9,The Perfect Lie,The Perfect Lie: Season 1,4
Argentina,AR,2026-10-04,TV,10,Bir Küçük Gün Işığı,Bir Küçük Gün Işığı: Season 1,2
Australia,AU,2026-10-04,Films,1,UNABOMBER,,2
Australia,AU,2026-10-04,Films,2,The Widower: 'Til Death Do Us Part,,1
Australia,AU,2026-10-04,Films,3,Reminders of Him,,1
Australia,AU,2026-10-04,Films,4,Locked,,2
Australia,AU,2026-10-04,Films,5,White Chicks,,1
Australia,AU,2026-10-04,Films,6,Hanging Up,,1
Australia,AU,2026-10-04,Films,7,We're the Millers,,3
Australia,AU,2026-10-04,Films,8,The Whisper Man,,6
Australia,AU,2026-10-04,Films,9,A Minecraft Movie,,6
Australia,AU,2026-10-04,Films,10,Doing Life,,1
Australia,AU,2026-10-04,TV,1,East of Eden,East of Eden: Limited Series,1
Australia,AU,2026-10-04,TV,2,Wonka's The Golden Ticket,Wonka's The Golden Ticket: Season 1,2
Australia,AU,2026-10-04,TV,3,Monster: The Lizzie Borden Story,Monster: The Lizzie Borden Story: Season 1,3
Australia,AU,2026-10-04,TV,4,The Gentlemen,The Gentlemen: Season 2,5
Australia,AU,2026-10-04,TV,5,LEGO ONE PIECE,LEGO ONE PIECE: Season 1,1
Australia,AU,2026-10-04,TV,6,Crew Girl,Crew Girl: Season 1,4
Australia,AU,2026-10-04,TV,7,Shaque: Trust No One,Shaque: Trust No One: Season 1,2
Australia,AU,2026-10-04,TV,8,Danny Go!,Danny Go!: Season 2,6
Australia,AU,2026-10-04,TV,9,Outside,Outside: Season 1,1
Australia,AU,2026-10-04,TV,10,A Different World,A Different World: Season 1,1
Austria,AT,2026-10-04,Films,1,UNABOMBER,,2
Austria,AT,2026-10-04,Films,2,The Widower: 'Til Death Do Us Part,,1
Austria,AT,2026-10-04,Films,3,Mickey 17,,2
Austria,AT,2026-10-04,Films,4,Demon Slayer: Kimetsu no Yaiba Infinity Castle I,,1
Austria,AT,2026-10-04,Films,5,Schumacher ’94 — The Birth of a Legend,,1
Austria,AT,2026-10-04,Films,6,How to Lose a Guy in 10 Days,,3
Austria,AT,2026-10-04,Films,7,Doing Life,,1
Austria,AT,2026-10-04,Films,8,Einfach Mal Was Schönes,,3
Austria,AT,2026-10-04,Films,9,The Whisper Man,,6
Austria,AT,2026-10-04,Films,10,Novocaine,,2
Austria,AT,2026-10-04,TV,1,East of Eden,East of Eden: Limited Series,1
Austria,AT,2026-10-04,TV,2,Monster: The Lizzie Borden Story,Monster: The Lizzie Borden Story: Season 1,3
Austria,AT,2026-10-04,TV,3,Not a Stranger,Not a Stranger: Season 1,3
Austria,AT,2026-10-04,TV,4,The Final Problem,The Final Problem: Limited Series,2
Austria,AT,2026-10-04,TV,5,Minerva Academy,Minerva Academy: Season 1,2
Austria,AT,2026-10-04,TV,6,Crew Girl,Crew Girl: Season 1,4
Austria,AT,2026-10-04,TV,7,The Gentlemen,The Gentlemen: Season 2,5
Austria,AT,2026-10-04,TV,8,LEGO ONE PIECE,LEGO ONE PIECE: Season 1,1
Austria,AT,2026-10-04,TV,9,Habeas Corpus,Habeas Corpus: Season 1,1
Austria,AT,2026-10-04,TV,10,The Hunting Wives,The Hunting Wives: Season 1,1
Bahamas,BS,2026-10-04,Films,1,Doing Life,,1
Bahamas,BS,2026-10-04,Films,2,The Equalizer 3,,1
Bahamas,BS,2026-10-04,Films,3,UNABOMBER,,2
Bahamas,BS,2026-10-04,Films,4,Black Adam,,2
Bahamas,BS,2026-10-04,Films,5,Demon Slayer: Kimetsu no Yaiba Infinity Castle I,,1
Bahamas,BS,2026-10-04,Films,6,Sinners,,1
Bahamas,BS,2026-10-04,Films,7,Why Did I Get Married Again?,,4
Bahamas,BS,2026-10-04,Films,8,The Mummy,,1
Bahamas,BS,2026-10-04,Films,9,Blood Work,,2
Bahamas,BS,2026-10-04,Films,10,The Widower: 'Til Death Do Us Part,,1
Bahamas,BS,2026-10-04,TV,1,A Different World,A Different World: Season 1,2
Bahamas,BS,2026-10-04,TV,2,East of Eden,East of Eden: Limited Series,1
Bahamas,BS,2026-10-04,TV,3,Raw,"Raw: September 28, 2026",1
Bahamas,BS,2026-10-04,TV,4,Blood Legacy,Blood Legacy: Season 2,1
Bahamas,BS,2026-10-04,TV,5,Wonka's The Golden Ticket,Wonka's The Golden Ticket: Season 1,2
Bahamas,BS,2026-10-04,TV,6,Blood Legacy,Blood Legacy: Season 1,2
Bahamas,BS,2026-10-04,TV,7,Monster: The Lizzie Borden Story,Monster: The Lizzie Borden Story: Season 1,3
Bahamas,BS,2026-10-04,TV,8,Shaque: Trust No One,Shaque: Trust No One: Season 1,1
Bahamas,BS,2026-10-04,TV,9,Home Economics,Home Economics: Season 1,1
Bahamas,BS,2026-10-04,TV,10,Ms. Rachel,Ms. Rachel: Season 3,1
Bahrain,BH,2026-10-04,Films,1,UNABOMBER,,2
Bahrain,BH,2026-10-04,Films,2,"Crazy Rich, Incredibly Broke",,1
Bahrain,BH,2026-10-04,Films,3,Wolf Man,,1
Bahrain,BH,2026-10-04,Films,4,The Widower: 'Til Death Do Us Part,,1
Bahrain,BH,2026-10-04,Films,5,Demon Slayer: Kimetsu no Yaiba Infinity Castle I,,1
Bahrain,BH,2026-10-04,Films,6,The Mummy,,1
Bahrain,BH,2026-10-04,Films,7,Baby Do Die Do,,2
Bahrain,BH,2026-10-04,Films,8,How to Lose a Guy in 10 Days,,1
Bahrain,BH,2026-10-04,Films,9,White Chicks,,4
Bahrain,BH,2026-10-04,Films,10,Companion,,1
Bahrain,BH,2026-10-04,TV,1,Shaque: Trust No One,Shaque: Trust No One: Season 1,2
Bahrain,BH,2026-10-04,TV,2,Wonka's The Golden Ticket,Wonka's The Golden Ticket: Season 1,2
Bahrain,BH,2026-10-04,TV,3,Monster: The Lizzie Borden Story,Monster: The Lizzie Borden Story: Season 1,3
Bahrain,BH,2026-10-04,TV,4,Not a Stranger,Not a Stranger: Season 1,3
Bahrain,BH,2026-10-04,TV,5,The Great Indian Kapil Show,The Great Indian Kapil Show: Season 5,2
Bahrain,BH,2026-10-04,TV,6,Ghosts,Ghosts: Season 1,1
Bahrain,BH,2026-10-04,TV,7,East of Eden,East of Eden: Limited Series,1
Bahrain,BH,2026-10-04,TV,8,LEGO ONE PIECE,LEGO ONE PIECE: Season 1,1
Bahrain,BH,2026-10-04,TV,9,The Gentlemen,The Gentlemen: Season 2,5
Bahrain,BH,2026-10-04,TV,10,Raw,"Raw: September 28, 2026",1
Bangladesh,BD,2026-10-04,Films,1,Baby Do Die Do,,2
Bangladesh,BD,2026-10-04,Films,2,UNABOMBER,,1
Bangladesh,BD,2026-10-04,Films,3,Vishwanath & Sons,,4
Bangladesh,BD,2026-10-04,Films,4,Lust Stories 3,,3
Bangladesh,BD,2026-10-04,Films,5,Irumudi,,3
Bangladesh,BD,2026-10-04,Films,6,The Woman in the Yard,,1
Bangladesh,BD,2026-10-04,Films,7,Dhamaal 4,,5
Bangladesh,BD,2026-10-04,Films,8,Death of a Unicorn,,1
Bangladesh,BD,2026-10-04,Films,9,Ohh My Dog,,1
Bangladesh,BD,2026-10-04,Films,10,Alpha,,6
Bangladesh,BD,2026-10-04,TV,1,Shaque: Trust No One,Shaque: Trust No One: Season 1,2
Bangladesh,BD,2026-10-04,TV,2,Chumbak,Chumbak: Season 1,4
Bangladesh,BD,2026-10-04,TV,3,The Great Indian Kapil Show,The Great Indian Kapil Show: Season 5,2
Bangladesh,BD,2026-10-04,TV,4,Monster: The Lizzie Borden Story,Monster: The Lizzie Borden Story: Season 1,3
Bangladesh,BD,2026-10-04,TV,5,Papa Yaar by Zakir Khan,,3
Bangladesh,BD,2026-10-04,TV,6,The Gentlemen,The Gentlemen: Season 2,5
Bangladesh,BD,2026-10-04,TV,7,#Love,#Love: Season 1,1
Bangladesh,BD,2026-10-04,TV,8,Musafir Cafe,Musafir Cafe: Season 1,11
Bangladesh,BD,2026-10-04,TV,9,The Final Problem,The Final Problem: Limited Series,1
Bangladesh,BD,2026-10-04,TV,10,The Gentlemen,The Gentlemen: Season 1,12
Belgium,BE,2026-10-04,Films,1,UNABOMBER,,2
Belgium,BE,2026-10-04,Films,2,The Widower: 'Til Death Do Us Part,,1
Belgium,BE,2026-10-04,Films,3,Doing Life,,1
Belgium,BE,2026-10-04,Films,4,The Town,,2
Belgium,BE,2026-10-04,Films,5,Materialists,,1
Belgium,BE,2026-10-04,Films,6,The Whisper Man,,6
Belgium,BE,2026-10-04,Films,7,Demon Slayer: Kimetsu no Yaiba Infinity Castle I,,1
Belgium,BE,2026-10-04,Films,8,Trust,,1
Belgium,BE,2026-10-04,Films,9,How to Lose a Guy in 10 Days,,3
Belgium,BE,2026-10-04,Films,10,The Mummy,,1
Belgium,BE,2026-10-04,TV,1,East of Eden,East of Eden: Limited Series,1
Belgium,BE,2026-10-04,TV,2,Monster: The Lizzie Borden Story,Monster: The Lizzie Borden Story: Season 1,3
Belgium,BE,2026-10-04,TV,3,The Perfect Lie,The Perfect Lie: Season 1,4
Belgium,BE,2026-10-04,TV,4,Not a Stranger,Not a Stranger: Season 1,3
Belgium,BE,2026-10-04,TV,5,Minerva Academy,Minerva Academy: Season 1,2
Belgium,BE,2026-10-04,TV,6,The Arena,The Arena: Season 1,1
Belgium,BE,2026-10-04,TV,7,LEGO ONE PIECE,LEGO ONE PIECE: Season 1,1
Belgium,BE,2026-10-04,TV,8,The Gentlemen,The Gentlemen: Season 2,5
Belgium,BE,2026-10-04,TV,9,Crew Girl,Crew Girl: Season 1,4
Belgium,BE,2026-10-04,TV,10,The Final Problem,The Final Problem: Limited Series,2
Bolivia,BO,2026-10-04,Films,1,UNABOMBER,,2
Bolivia,BO,2026-10-04,Films,2,Demon Slayer: Kimetsu no Yaiba Infinity Castle I,,1
Bolivia,BO,2026-10-04,Films,3,The Equalizer 3,,1
Bolivia,BO,2026-10-04,Films,4,What a Father!,,1
Bolivia,BO,2026-10-04,Films,5,The Mummy,,2
Bolivia,BO,2026-10-04,Films,6,The Substance,,1
Bolivia,BO,2026-10-04,Films,7,The Mummy Returns,,1
Bolivia,BO,2026-10-04,Films,8,A Minecraft Movie,,3
Bolivia,BO,2026-10-04,Films,9,Unhappily Ever After,,1
Bolivia,BO,2026-10-04,Films,10,Black Adam,,2
Bolivia,BO,2026-10-04,TV,1,Not a Stranger,Not a Stranger: Season 1,3
Bolivia,BO,2026-10-04,TV,2,Monster: The Lizzie Borden Story,Monster: The Lizzie Borden Story: Season 1,3
Bolivia,BO,2026-10-04,TV,3,Plastic Beauty,Plastic Beauty: Season 1,2
Bolivia,BO,2026-10-04,TV,4,Raw,"Raw: September 28, 2026",1
Bolivia,BO,2026-10-04,TV,5,Irreplaceable,Irreplaceable: Season 1,1
Bolivia,BO,2026-10-04,TV,6,Shaque: Trust No One,Shaque: Trust No One: Season 1,1
Bolivia,BO,2026-10-04,TV,7,LEGO ONE PIECE,LEGO ONE PIECE: Season 1,1
Bolivia,BO,2026-10-04,TV,8,"Four Hands, Two Sonatas","Four Hands, Two Sonatas: Limited Series",6
Bolivia,BO,2026-10-04,TV,9,Teach You a Lesson,Teach You a Lesson: Limited Series,18
Bolivia,BO,2026-10-04,TV,10,East of Eden,East of Eden: Limited Series,1
Brazil,BR,2026-10-04,Films,1,The Equalizer 3,,1
Brazil,BR,2026-10-04,Films,2,UNABOMBER,,2
Brazil,BR,2026-10-04,Films,3,Demon Slayer: Kimetsu no Yaiba Infinity Castle I,,1
Brazil,BR,2026-10-04,Films,4,Black Adam,,2
Brazil,BR,2026-10-04,Films,5,A Minecraft Movie,,3
Brazil,BR,2026-10-04,Films,6,The Substance,,1
Brazil,BR,2026-10-04,Films,7,The Minute You Wake Up Dead,,1
Brazil,BR,2026-10-04,Films,8,The Mummy,,1
Brazil,BR,2026-10-04,Films,9,Boonie Bears: A Mystical Winter,,1
Brazil,BR,2026-10-04,Films,10,Riot,,3
Brazil,BR,2026-10-04,TV,1,Habeas Corpus,Habeas Corpus: Season 1,2
Brazil,BR,2026-10-04,TV,2,Irreplaceable,Irreplaceable: Season 1,1
Brazil,BR,2026-10-04,TV,3,LEGO ONE PIECE,LEGO ONE PIECE: Season 1,1
Brazil,BR,2026-10-04,TV,4,Not a Stranger,Not a Stranger: Season 1,3
Brazil,BR,2026-10-04,TV,5,My Name Is Farah,My Name Is Farah: Season 2,5
Brazil,BR,2026-10-04,TV,6,My Name Is Farah,My Name Is Farah: Season 1,10
Brazil,BR,2026-10-04,TV,7,Shaque: Trust No One,Shaque: Trust No One: Season 1,1
Brazil,BR,2026-10-04,TV,8,Minerva Academy,Minerva Academy: Season 1,2
Brazil,BR,2026-10-04,TV,9,East of Eden,East of Eden: Limited Series,1
Brazil,BR,2026-10-04,TV,10,Bir Küçük Gün Işığı,Bir Küçük Gün Işığı: Season 1,2
Bulgaria,BG,2026-10-04,Films,1,UNABOMBER,,2
Bulgaria,BG,2026-10-04,Films,2,Demon Slayer: Kimetsu no Yaiba Infinity Castle I,,1
Bulgaria,BG,2026-10-04,Films,3,The Widower: 'Til Death Do Us Part,,1
Bulgaria,BG,2026-10-04,Films,4,The Mummy,,2
Bulgaria,BG,2026-10-04,Films,5,The Whisper Man,,6
Bulgaria,BG,2026-10-04,Films,6,Ted,,5
Bulgaria,BG,2026-10-04,Films,7,White Chicks,,1
Bulgaria,BG,2026-10-04,Films,8,Clash of the Titans,,1
Bulgaria,BG,2026-10-04,Films,9,The Mummy,,2
Bulgaria,BG,2026-10-04,Films,10,72 HOURS,,11
Bulgaria,BG,2026-10-04,TV,1,East of Eden,East of Eden: Limited Series,1
Bulgaria,BG,2026-10-04,TV,2,The Gentlemen,The Gentlemen: Season 2,5
Bulgaria,BG,2026-10-04,TV,3,Monster: The Lizzie Borden Story,Monster: The Lizzie Borden Story: Season 1,3
Bulgaria,BG,2026-10-04,TV,4,The Final Problem,The Final Problem: Limited Series,2
Bulgaria,BG,2026-10-04,TV,5,The Gentlemen,The Gentlemen: Season 1,17
Bulgaria,BG,2026-10-04,TV,6,Ghosts,Ghosts: Season 1,1
Bulgaria,BG,2026-10-04,TV,7,Crew Girl,Crew Girl: Season 1,4
Bulgaria,BG,2026-10-04,TV,8,STEEL BALL RUN JoJo’s Bizarre Adventure,STEEL BALL RUN JoJo’s Bizarre Adventure: 2nd-3rd STAGE,1
Bulgaria,BG,2026-10-04,TV,9,Minerva Academy,Minerva Academy: Season 1,2
Bulgaria,BG,2026-10-04,TV,10,Not a Stranger,Not a Stranger: Season 1,3
Canada,CA,2026-10-04,Films,1,UNABOMBER,,2
Canada,CA,2026-10-04,Films,2,The Widower: 'Til Death Do Us Part,,1
Canada,CA,2026-10-04,Films,3,40 Dates and 40 Nights,,2
Canada,CA,2026-10-04,Films,4,A Minecraft Movie,,3
Canada,CA,2026-10-04,Films,5,Armor,,1
Canada,CA,2026-10-04,Films,6,The Thicket,,1
Canada,CA,2026-10-04,Films,7,The Naked Gun,,1
Canada,CA,2026-10-04,Films,8,Doing Life,,1
Canada,CA,2026-10-04,Films,9,Bagman,,2
Canada,CA,2026-10-04,Films,10,Demon Slayer: Kimetsu no Yaiba Infinity Castle I,,1
Canada,CA,2026-10-04,TV,1,East of Eden,East of Eden: Limited Series,1
Canada,CA,2026-10-04,TV,2,Wonka's The Golden Ticket,Wonka's The Golden Ticket: Season 1,2
Canada,CA,2026-10-04,TV,3,Monster: The Lizzie Borden Story,Monster: The Lizzie Borden Story: Season 1,3
Canada,CA,2026-10-04,TV,4,Raw,"Raw: September 28, 2026",1
Canada,CA,2026-10-04,TV,5,LEGO ONE PIECE,LEGO ONE PIECE: Season 1,1
Canada,CA,2026-10-04,TV,6,WWE SmackDown,"WWE SmackDown: October 2, 2026",1
Canada,CA,2026-10-04,TV,7,A Different World,A Different World: Season 1,1
Canada,CA,2026-10-04,TV,8,The Gentlemen,The Gentlemen: Season 2,5
Canada,CA,2026-10-04,TV,9,Ghosts,Ghosts: Season 1,1
Canada,CA,2026-10-04,TV,10,Crew Girl,Crew Girl: Season 1,4
Chile,CL,2026-10-04,Films,1,UNABOMBER,,2
Chile,CL,2026-10-04,Films,2,The Equalizer 3,,1
Chile,CL,2026-10-04,Films,3,Demon Slayer: Kimetsu no Yaiba Infinity Castle I,,1
Chile,CL,2026-10-04,Films,4,The Substance,,1
Chile,CL,2026-10-04,Films,5,The Mummy,,2
Chile,CL,2026-10-04,Films,6,What a Father!,,1
Chile,CL,2026-10-04,Films,7,The Widower: 'Til Death Do Us Part,,1
Chile,CL,2026-10-04,Films,8,Shrek,,43
Chile,CL,2026-10-04,Films,9,The Mummy Returns,,1
Chile,CL,2026-10-04,Films,10,How to Lose a Guy in 10 Days,,1
Chile,CL,2026-10-04,TV,1,Not a Stranger,Not a Stranger: Season 1,3
Chile,CL,2026-10-04,TV,2,Monster: The Lizzie Borden Story,Monster: The Lizzie Borden Story: Season 1,3
Chile,CL,2026-10-04,TV,3,East of Eden,East of Eden: Limited Series,1
Chile,CL,2026-10-04,TV,4,Shaque: Trust No One,Shaque: Trust No One: Season 1,1
Chile,CL,2026-10-04,TV,5,Minerva Academy,Minerva Academy: Season 1,2
Chile,CL,2026-10-04,TV,6,LEGO ONE PIECE,LEGO ONE PIECE: Season 1,1
Chile,CL,2026-10-04,TV,7,Irreplaceable,Irreplaceable: Season 1,1
Chile,CL,2026-10-04,TV,8,Crew Girl,Crew Girl: Season 1,4
Chile,CL,2026-10-04,TV,9,The Final Problem,The Final Problem: Limited Series,2
Chile,CL,2026-10-04,TV,10,STEEL BALL RUN JoJo’s Bizarre Adventure,STEEL BALL RUN JoJo’s Bizarre Adventure: 2nd-3rd STAGE,1
Colombia,CO,2026-10-04,Films,1,UNABOMBER,,2
Colombia,CO,2026-10-04,Films,2,The Equalizer 3,,1
Colombia,CO,2026-10-04,Films,3,Demon Slayer: Kimetsu no Yaiba Infinity Castle I,,1
Colombia,CO,2026-10-04,Films,4,The Substance,,1
Colombia,CO,2026-10-04,Films,5,The Rose Seller,,2
Colombia,CO,2026-10-04,Films,6,What a Father!,,1
Colombia,CO,2026-10-04,Films,7,Black Adam,,2
Colombia,CO,2026-10-04,Films,8,The Mummy,,1
Colombia,CO,2026-10-04,Films,9,Riot,,3
Colombia,CO,2026-10-04,Films,10,A Minecraft Movie,,3
Colombia,CO,2026-10-04,TV,1,Medusa,Medusa: Season 2,1
Colombia,CO,2026-10-04,TV,2,Not a Stranger,Not a Stranger: Season 1,3
Colombia,CO,2026-10-04,TV,3,Monster: The Lizzie Borden Story,Monster: The Lizzie Borden Story: Season 1,3
Colombia,CO,2026-10-04,TV,4,Medusa,Medusa: Season 1,7
Colombia,CO,2026-10-04,TV,5,Shaque: Trust No One,Shaque: Trust No One: Season 1,1
Colombia,CO,2026-10-04,TV,6,Minerva Academy,Minerva Academy: Season 1,2
Colombia,CO,2026-10-04,TV,7,Irreplaceable,Irreplaceable: Season 1,1
Colombia,CO,2026-10-04,TV,8,A Different World,A Different World: Season 1,1
Colombia,CO,2026-10-04,TV,9,East of Eden,East of Eden: Limited Series,1
Colombia,CO,2026-10-04,TV,10,LEGO ONE PIECE,LEGO ONE PIECE: Season 1,1
Costa Rica,CR,2026-10-04,Films,1,UNABOMBER,,2
Costa Rica,CR,2026-10-04,Films,2,The Equalizer 3,,1
Costa Rica,CR,2026-10-04,Films,3,Demon Slayer: Kimetsu no Yaiba Infinity Castle I,,1
Costa Rica,CR,2026-10-04,Films,4,Unhappily Ever After,,1
Costa Rica,CR,2026-10-04,Films,5,What a Father!,,1
Costa Rica,CR,2026-10-04,Films,6,The Substance,,1
Costa Rica,CR,2026-10-04,Films,7,The Widower: 'Til Death Do Us Part,,1
Costa Rica,CR,2026-10-04,Films,8,Doing Life,,1
Costa Rica,CR,2026-10-04,Films,9,The Mummy,,1
Costa Rica,CR,2026-10-04,Films,10,How to Lose a Guy in 10 Days,,2
Costa Rica,CR,2026-10-04,TV,1,Not a Stranger,Not a Stranger: Season 1,3
Costa Rica,CR,2026-10-04,TV,2,Monster: The Lizzie Borden Story,Monster: The Lizzie Borden Story: Season 1,3
Costa Rica,CR,2026-10-04,TV,3,East of Eden,East of Eden: Limited Series,1
Costa Rica,CR,2026-10-04,TV,4,LEGO ONE PIECE,LEGO ONE PIECE: Season 1,1
Costa Rica,CR,2026-10-04,TV,5,Wonka's The Golden Ticket,Wonka's The Golden Ticket: Season 1,2
Costa Rica,CR,2026-10-04,TV,6,A Different World,A Different World: Season 1,1
Costa Rica,CR,2026-10-04,TV,7,Shaque: Trust No One,Shaque: Trust No One: Season 1,1
Costa Rica,CR,2026-10-04,TV,8,Irreplaceable,Irreplaceable: Season 1,1
Costa Rica,CR,2026-10-04,TV,9,The Final Problem,The Final Problem: Limited Series,2
Costa Rica,CR,2026-10-04,TV,10,Medusa,Medusa: Season 2,1
Croatia,HR,2026-10-04,Films,1,UNABOMBER,,2
Croatia,HR,2026-10-04,Films,2,The Widower: 'Til Death Do Us Part,,1
Croatia,HR,2026-10-04,Films,3,Dog Man,,2
Croatia,HR,2026-10-04,Films,4,The Whisper Man,,6
Croatia,HR,2026-10-04,Films,5,Doing Life,,1
Croatia,HR,2026-10-04,Films,6,The Mummy,,1
Croatia,HR,2026-10-04,Films,7,The Secret Woman,,6
Croatia,HR,2026-10-04,Films,8,Hanging Up,,1
Croatia,HR,2026-10-04,Films,9,Schumacher ’94 — The Birth of a Legend,,1
Croatia,HR,2026-10-04,Films,10,Ted,,3
Croatia,HR,2026-10-04,TV,1,East of Eden,East of Eden: Limited Series,1
Croatia,HR,2026-10-04,TV,2,LEGO ONE PIECE,LEGO ONE PIECE: Season 1,1
Croatia,HR,2026-10-04,TV,3,Not a Stranger,Not a Stranger: Season 1,3
Croatia,HR,2026-10-04,TV,4,Monster: The Lizzie Borden Story,Monster: The Lizzie Borden Story: Season 1,3
Croatia,HR,2026-10-04,TV,5,The Gentlemen,The Gentlemen: Season 2,5
Croatia,HR,2026-10-04,TV,6,The Final Problem,The Final Problem: Limited Series,2
Croatia,HR,2026-10-04,TV,7,The Rookie,The Rookie: Season 7,1
Croatia,HR,2026-10-04,TV,8,Shaque: Trust No One,Shaque: Trust No One: Season 1,1
Croatia,HR,2026-10-04,TV,9,Ghosts,Ghosts: Season 1,1
Croatia,HR,2026-10-04,TV,10,Gabby's Dollhouse,Gabby's Dollhouse: Season 14,3
Cyprus,CY,2026-10-04,Films,1,UNABOMBER,,2
Cyprus,CY,2026-10-04,Films,2,Sonic the Hedgehog 3,,1
Cyprus,CY,2026-10-04,Films,3,The Widower: 'Til Death Do Us Part,,1
Cyprus,CY,2026-10-04,Films,4,How to Lose a Guy in 10 Days,,1
Cyprus,CY,2026-10-04,Films,5,The Creator,,1
Cyprus,CY,2026-10-04,Films,6,CHIPS,,2
Cyprus,CY,2026-10-04,Films,7,Cellular,,1
Cyprus,CY,2026-10-04,Films,8,We're the Millers,,2
Cyprus,CY,2026-10-04,Films,9,Captive,,1
Cyprus,CY,2026-10-04,Films,10,The Mummy,,1
Cyprus,CY,2026-10-04,TV,1,East of Eden,East of Eden: Limited Series,1
Cyprus,CY,2026-10-04,TV,2,LEGO ONE PIECE,LEGO ONE PIECE: Season 1,1
Cyprus,CY,2026-10-04,TV,3,The Gentlemen,The Gentlemen: Season 2,5
Cyprus,CY,2026-10-04,TV,4,Monster: The Lizzie Borden Story,Monster: The Lizzie Borden Story: Season 1,3
Cyprus,CY,2026-10-04,TV,5,Ghosts,Ghosts: Season 1,1
Cyprus,CY,2026-10-04,TV,6,The Final Problem,The Final Problem: Limited Series,2
Cyprus,CY,2026-10-04,TV,7,Minerva Academy,Minerva Academy: Season 1,2
Cyprus,CY,2026-10-04,TV,8,Not a Stranger,Not a Stranger: Season 1,3
Cyprus,CY,2026-10-04,TV,9,Matlock,Matlock: Season 1,1
Cyprus,CY,2026-10-04,TV,10,Wonka's The Golden Ticket,Wonka's The Golden Ticket: Season 1,2
Czech Republic,CZ,2026-10-04,Films,1,Second Chances,,2
Czech Republic,CZ,2026-10-04,Films,2,UNABOMBER,,2
Czech Republic,CZ,2026-10-04,Films,3,The Widower: 'Til Death Do Us Part,,1
Czech Republic,CZ,2026-10-04,Films,4,Ted,,3
Czech Republic,CZ,2026-10-04,Films,5,Doing Life,,1
Czech Republic,CZ,2026-10-04,Films,6,Ted 2,,2
Czech Republic,CZ,2026-10-04,Films,7,The Mummy,,3
Czech Republic,CZ,2026-10-04,Films,8,The Whisper Man,,6
Czech Republic,CZ,2026-10-04,Films,9,Schumacher ’94 — The Birth of a Legend,,1
Czech Republic,CZ,2026-10-04,Films,10,Shrek,,17
Czech Republic,CZ,2026-10-04,TV,1,Monster: The Lizzie Borden Story,Monster: The Lizzie Borden Story: Season 1,3
Czech Republic,CZ,2026-10-04,TV,2,East of Eden,East of Eden: Limited Series,1
Czech Republic,CZ,2026-10-04,TV,3,LEGO ONE PIECE,LEGO ONE PIECE: Season 1,1
Czech Republic,CZ,2026-10-04,TV,4,The Final Problem,The Final Problem: Limited Series,2
Czech Republic,CZ,2026-10-04,TV,5,Wonka's The Golden Ticket,Wonka's The Golden Ticket: Season 1,2
Czech Republic,CZ,2026-10-04,TV,6,Minerva Academy,Minerva Academy: Season 1,2
Czech Republic,CZ,2026-10-04,TV,7,Not a Stranger,Not a Stranger: Season 1,3
Czech Republic,CZ,2026-10-04,TV,8,The Gentlemen,The Gentlemen: Season 2,5
Czech Republic,CZ,2026-10-04,TV,9,Crew Girl,Crew Girl: Season 1,4
Czech Republic,CZ,2026-10-04,TV,10,Gabby's Dollhouse,Gabby's Dollhouse: Season 14,3
Denmark,DK,2026-10-04,Films,1,UNABOMBER,,2
Denmark,DK,2026-10-04,Films,2,The Widower: 'Til Death Do Us Part,,1
Denmark,DK,2026-10-04,Films,3,CHIPS,,1
Denmark,DK,2026-10-04,Films,4,The Secret Woman,,6
Denmark,DK,2026-10-04,Films,5,We're the Millers,,1
Denmark,DK,2026-10-04,Films,6,The Whisper Man,,6
Denmark,DK,2026-10-04,Films,7,Tag,,1
Denmark,DK,2026-10-04,Films,8,Doing Life,,1
Denmark,DK,2026-10-04,Films,9,Aileen: Queen of the Serial Killers,,4
Denmark,DK,2026-10-04,Films,10,Hanging Up,,1
Denmark,DK,2026-10-04,TV,1,East of Eden,East of Eden: Limited Series,1
Denmark,DK,2026-10-04,TV,2,Monster: The Lizzie Borden Story,Monster: The Lizzie Borden Story: Season 1,3
Denmark,DK,2026-10-04,TV,3,LEGO ONE PIECE,LEGO ONE PIECE: Season 1,1
Denmark,DK,2026-10-04,TV,4,The Gentlemen,The Gentlemen: Season 2,5
Denmark,DK,2026-10-04,TV,5,Matlock,Matlock: Season 1,1
Denmark,DK,2026-10-04,TV,6,Crew Girl,Crew Girl: Season 1,4
Denmark,DK,2026-10-04,TV,7,Gabby's Dollhouse,Gabby's Dollhouse: Season 14,3
Denmark,DK,2026-10-04,TV,8,Wonka's The Golden Ticket,Wonka's The Golden Ticket: Season 1,2
Denmark,DK,2026-10-04,TV,9,The Gentlemen,The Gentlemen: Season 1,15
Denmark,DK,2026-10-04,TV,10,Blood Sacrifice,Blood Sacrifice: Season 1,7
Dominican Republic,DO,2026-10-04,Films,1,The Equalizer 3,,1
Dominican Republic,DO,2026-10-04,Films,2,UNABOMBER,,2
Dominican Republic,DO,2026-10-04,Films,3,Demon Slayer: Kimetsu no Yaiba Infinity Castle I,,1
Dominican Republic,DO,2026-10-04,Films,4,Black Adam,,2
Dominican Republic,DO,2026-10-04,Films,5,Doing Life,,1
Dominican Republic,DO,2026-10-04,Films,6,The Mummy,,3
Dominican Republic,DO,2026-10-04,Films,7,The Substance,,1
Dominican Republic,DO,2026-10-04,Films,8,The Mummy Returns,,1
Dominican Republic,DO,2026-10-04,Films,9,"Crazy Rich, Incredibly Broke",,1
Dominican Republic,DO,2026-10-04,Films,10,Riot,,3
Dominican Republic,DO,2026-10-04,TV,1,A Different World,A Different World: Season 1,2
Dominican Republic,DO,2026-10-04,TV,2,Not a Stranger,Not a Stranger: Season 1,3
Dominican Republic,DO,2026-10-04,TV,3,Medusa,Medusa: Season 2,1
Dominican Republic,DO,2026-10-04,TV,4,Minerva Academy,Minerva Academy: Season 1,2
Dominican Republic,DO,2026-10-04,TV,5,Irreplaceable,Irreplaceable: Season 1,1
Dominican Republic,DO,2026-10-04,TV,6,Shaque: Trust No One,Shaque: Trust No One: Season 1,1
Dominican Republic,DO,2026-10-04,TV,7,LEGO ONE PIECE,LEGO ONE PIECE: Season 1,1
Dominican Republic,DO,2026-10-04,TV,8,Monster: The Lizzie Borden Story,Monster: The Lizzie Borden Story: Season 1,3
Dominican Republic,DO,2026-10-04,TV,9,Bir Küçük Gün Işığı,Bir Küçük Gün Işığı: Season 1,2
Dominican Republic,DO,2026-10-04,TV,10,East of Eden,East of Eden: Limited Series,1
Ecuador,EC,2026-10-04,Films,1,UNABOMBER,,2
Ecuador,EC,2026-10-04,Films,2,What a Father!,,1
Ecuador,EC,2026-10-04,Films,3,Demon Slayer: Kimetsu no Yaiba Infinity Castle I,,1
Ecuador,EC,2026-10-04,Films,4,The Equalizer 3,,1
Ecuador,EC,2026-10-04,Films,5,The Mummy,,2
Ecuador,EC,2026-10-04,Films,6,Unhappily Ever After,,1
Ecuador,EC,2026-10-04,Films,7,The Substance,,1
Ecuador,EC,2026-10-04,Films,8,Everyone F@lls​,,1
Ecuador,EC,2026-10-04,Films,9,Black Adam,,2
Ecuador,EC,2026-10-04,Films,10,The Mummy Returns,,1
Ecuador,EC,2026-10-04,TV,1,Not a Stranger,Not a Stranger: Season 1,3
Ecuador,EC,2026-10-04,TV,2,Shaque: Trust No One,Shaque: Trust No One: Season 1,1
Ecuador,EC,2026-10-04,TV,3,Monster: The Lizzie Borden Story,Monster: The Lizzie Borden Story: Season 1,3
Ecuador,EC,2026-10-04,TV,4,Minerva Academy,Minerva Academy: Season 1,2
Ecuador,EC,2026-10-04,TV,5,Medusa,Medusa: Season 2,1
Ecuador,EC,2026-10-04,TV,6,Irreplaceable,Irreplaceable: Season 1,1
Ecuador,EC,2026-10-04,TV,7,LEGO ONE PIECE,LEGO ONE PIECE: Season 1,1
Ecuador,EC,2026-10-04,TV,8,Raw,"Raw: September 28, 2026",1
Ecuador,EC,2026-10-04,TV,9,Bir Küçük Gün Işığı,Bir Küçük Gün Işığı: Season 1,2
Ecuador,EC,2026-10-04,TV,10,Crew Girl,Crew Girl: Season 1,4
Egypt,EG,2026-10-04,Films,1,UNABOMBER,,2
Egypt,EG,2026-10-04,Films,2,How to Lose a Guy in 10 Days,,3
Egypt,EG,2026-10-04,Films,3,Wolf Man,,1
Egypt,EG,2026-10-04,Films,4,Demon Slayer: Kimetsu no Yaiba Infinity Castle I,,1
Egypt,EG,2026-10-04,Films,5,Companion,,1
Egypt,EG,2026-10-04,Films,6,The Whisper Man,,6
Egypt,EG,2026-10-04,Films,7,The Mummy,,1
Egypt,EG,2026-10-04,Films,8,The Silence of the Lambs,,1
Egypt,EG,2026-10-04,Films,9,Family Business,,15
Egypt,EG,2026-10-04,Films,10,Anora,,4
Egypt,EG,2026-10-04,TV,1,Not a Stranger,Not a Stranger: Season 1,3
Egypt,EG,2026-10-04,TV,2,The Final Problem,The Final Problem: Limited Series,1
Egypt,EG,2026-10-04,TV,3,Monster: The Lizzie Borden Story,Monster: The Lizzie Borden Story: Season 1,3
Egypt,EG,2026-10-04,TV,4,Ghosts,Ghosts: Season 1,1
Egypt,EG,2026-10-04,TV,5,The Gentlemen,The Gentlemen: Season 2,5
Egypt,EG,2026-10-04,TV,6,East of Eden,East of Eden: Limited Series,1
Egypt,EG,2026-10-04,TV,7,The Gentlemen,The Gentlemen: Season 1,22
Egypt,EG,2026-10-04,TV,8,The Mentalist,The Mentalist: Season 1,13
Egypt,EG,2026-10-04,TV,9,LEGO ONE PIECE,LEGO ONE PIECE: Season 1,1
Egypt,EG,2026-10-04,TV,10,MobLand,MobLand: Season 1,9
El Salvador,SV,2026-10-04,Films,1,Demon Slayer: Kimetsu no Yaiba Infinity Castle I,,1
El Salvador,SV,2026-10-04,Films,2,UNABOMBER,,2
El Salvador,SV,2026-10-04,Films,3,The Equalizer 3,,1
El Salvador,SV,2026-10-04,Films,4,The Mummy,,3
El Salvador,SV,2026-10-04,Films,5,What a Father!,,1
El Salvador,SV,2026-10-04,Films,6,The Mummy Returns,,1
El Salvador,SV,2026-10-04,Films,7,Unhappily Ever After,,1
El Salvador,SV,2026-10-04,Films,8,The Substance,,1
El Salvador,SV,2026-10-04,Films,9,Shrek,,66
El Salvador,SV,2026-10-04,Films,10,Ice Age: The Meltdown,,1
El Salvador,SV,2026-10-04,TV,1,Not a Stranger,Not a Stranger: Season 1,3
El Salvador,SV,2026-10-04,TV,2,Irreplaceable,Irreplaceable: Season 1,1
El Salvador,SV,2026-10-04,TV,3,Monster: The Lizzie Borden Story,Monster: The Lizzie Borden Story: Season 1,3
El Salvador,SV,2026-10-04,TV,4,Shaque: Trust No One,Shaque: Trust No One: Season 1,1
El Salvador,SV,2026-10-04,TV,5,LEGO ONE PIECE,LEGO ONE PIECE: Season 1,1
El Salvador,SV,2026-10-04,TV,6,Bir Küçük Gün Işığı,Bir Küçük Gün Işığı: Season 1,2
El Salvador,SV,2026-10-04,TV,7,East of Eden,East of Eden: Limited Series,1
El Salvador,SV,2026-10-04,TV,8,Raw,"Raw: September 28, 2026",1
El Salvador,SV,2026-10-04,TV,9,Minerva Academy,Minerva Academy: Season 1,1
El Salvador,SV,2026-10-04,TV,10,Medusa,Medusa: Season 2,1
Estonia,EE,2026-10-04,Films,1,UNABOMBER,,2
Estonia,EE,2026-10-04,Films,2,The Widower: 'Til Death Do Us Part,,1
Estonia,EE,2026-10-04,Films,3,White Chicks,,2
Estonia,EE,2026-10-04,Films,4,The Mummy,,1
Estonia,EE,2026-10-04,Films,5,Schumacher ’94 — The Birth of a Legend,,1
Estonia,EE,2026-10-04,Films,6,Ted,,5
Estonia,EE,2026-10-04,Films,7,The Whisper Man,,6
Estonia,EE,2026-10-04,Films,8,Demon Slayer: Kimetsu no Yaiba Infinity Castle I,,1
Estonia,EE,2026-10-04,Films,9,Ted 2,,4
Estonia,EE,2026-10-04,Films,10,The Mummy Returns,,1
Estonia,EE,2026-10-04,TV,1,East of Eden,East of Eden: Limited Series,1
Estonia,EE,2026-10-04,TV,2,Monster: The Lizzie Borden Story,Monster: The Lizzie Borden Story: Season 1,3
Estonia,EE,2026-10-04,TV,3,The Gentlemen,The Gentlemen: Season 2,5
Estonia,EE,2026-10-04,TV,4,Outside,Outside: Season 1,1
Estonia,EE,2026-10-04,TV,5,LEGO ONE PIECE,LEGO ONE PIECE: Season 1,1
Estonia,EE,2026-10-04,TV,6,Wonka's The Golden Ticket,Wonka's The Golden Ticket: Season 1,2
Estonia,EE,2026-10-04,TV,7,The Gentlemen,The Gentlemen: Season 1,16
Estonia,EE,2026-10-04,TV,8,The Final Problem,The Final Problem: Limited Series,2
Estonia,EE,2026-10-04,TV,9,Crew Girl,Crew Girl: Season 1,4
Estonia,EE,2026-10-04,TV,10,Love is Blind: Netherlands,Love is Blind: Netherlands: Season 1,1
Finland,FI,2026-10-04,Films,1,UNABOMBER,,2
Finland,FI,2026-10-04,Films,2,The Widower: 'Til Death Do Us Part,,1
Finland,FI,2026-10-04,Films,3,CHIPS,,2
Finland,FI,2026-10-04,Films,4,The Whisper Man,,6
Finland,FI,2026-10-04,Films,5,We're the Millers,,1
Finland,FI,2026-10-04,Films,6,Dark Shadows,,1
Finland,FI,2026-10-04,Films,7,Clash of the Titans,,1
Finland,FI,2026-10-04,Films,8,Doing Life,,1
Finland,FI,2026-10-04,Films,9,Ted,,2
Finland,FI,2026-10-04,Films,10,Project X,,1
Finland,FI,2026-10-04,TV,1,East of Eden,East of Eden: Limited Series,1
Finland,FI,2026-10-04,TV,2,Monster: The Lizzie Borden Story,Monster: The Lizzie Borden Story: Season 1,3
Finland,FI,2026-10-04,TV,3,LEGO ONE PIECE,LEGO ONE PIECE: Season 1,1
Finland,FI,2026-10-04,TV,4,The Final Problem,The Final Problem: Limited Series,2
Finland,FI,2026-10-04,TV,5,The Gentlemen,The Gentlemen: Season 2,5
Finland,FI,2026-10-04,TV,6,Matlock,Matlock: Season 1,1
Finland,FI,2026-10-04,TV,7,Shaque: Trust No One,Shaque: Trust No One: Season 1,1
Finland,FI,2026-10-04,TV,8,Crew Girl,Crew Girl: Season 1,4
Finland,FI,2026-10-04,TV,9,Gabby's Dollhouse,Gabby's Dollhouse: Season 14,3
Finland,FI,2026-10-04,TV,10,The Perfect Lie,The Perfect Lie: Season 1,4
France,FR,2026-10-04,Films,1,UNABOMBER,,2
France,FR,2026-10-04,Films,2,Hungry,,2
France,FR,2026-10-04,Films,3,Coexister,,2
France,FR,2026-10-04,Films,4,Vultures,,1
France,FR,2026-10-04,Films,5,Doing Life,,1
France,FR,2026-10-04,Films,6,M3GAN 2.0,,2
France,FR,2026-10-04,Films,7,Jurassic World Rebirth,,1
France,FR,2026-10-04,Films,8,The Widower: 'Til Death Do Us Part,,1
France,FR,2026-10-04,Films,9,Rescapé : L'épisode final,,2
France,FR,2026-10-04,Films,10,Le grand déplacement,,2
France,FR,2026-10-04,TV,1,The Arena,The Arena: Season 1,1
France,FR,2026-10-04,TV,2,Monster: The Lizzie Borden Story,Monster: The Lizzie Borden Story: Season 1,3
France,FR,2026-10-04,TV,3,Not a Stranger,Not a Stranger: Season 1,3
France,FR,2026-10-04,TV,4,Minerva Academy,Minerva Academy: Season 1,2
France,FR,2026-10-04,TV,5,East of Eden,East of Eden: Limited Series,1
France,FR,2026-10-04,TV,6,The Final Problem,The Final Problem: Limited Series,2
France,FR,2026-10-04,TV,7,LEGO ONE PIECE,LEGO ONE PIECE: Season 1,1
France,FR,2026-10-04,TV,8,A Different World,A Different World: Season 1,1
France,FR,2026-10-04,TV,9,Habeas Corpus,Habeas Corpus: Season 1,1
France,FR,2026-10-04,TV,10,The Gentlemen,The Gentlemen: Season 2,5
Germany,DE,2026-10-04,Films,1,UNABOMBER,,2
Germany,DE,2026-10-04,Films,2,The Widower: 'Til Death Do Us Part,,1
Germany,DE,2026-10-04,Films,3,Schumacher ’94 — The Birth of a Legend,,1
Germany,DE,2026-10-04,Films,4,Demon Slayer: Kimetsu no Yaiba Infinity Castle I,,1
Germany,DE,2026-10-04,Films,5,Mickey 17,,2
Germany,DE,2026-10-04,Films,6,Einfach Mal Was Schönes,,3
Germany,DE,2026-10-04,Films,7,Doing Life,,1
Germany,DE,2026-10-04,Films,8,The Whisper Man,,6
Germany,DE,2026-10-04,Films,9,How to Lose a Guy in 10 Days,,3
Germany,DE,2026-10-04,Films,10,Weekend Rebels,,2
Germany,DE,2026-10-04,TV,1,East of Eden,East of Eden: Limited Series,1
Germany,DE,2026-10-04,TV,2,Monster: The Lizzie Borden Story,Monster: The Lizzie Borden Story: Season 1,3
Germany,DE,2026-10-04,TV,3,Not a Stranger,Not a Stranger: Season 1,3
Germany,DE,2026-10-04,TV,4,LEGO ONE PIECE,LEGO ONE PIECE: Season 1,1
Germany,DE,2026-10-04,TV,5,Crew Girl,Crew Girl: Season 1,4
Germany,DE,2026-10-04,TV,6,The Final Problem,The Final Problem: Limited Series,1
Germany,DE,2026-10-04,TV,7,Minerva Academy,Minerva Academy: Season 1,2
Germany,DE,2026-10-04,TV,8,The Gentlemen,The Gentlemen: Season 2,5
Germany,DE,2026-10-04,TV,9,Habeas Corpus,Habeas Corpus: Season 1,1
Germany,DE,2026-10-04,TV,10,Wonka's The Golden Ticket,Wonka's The Golden Ticket: Season 1,2
Greece,GR,2026-10-04,Films,1,UNABOMBER,,2
Greece,GR,2026-10-04,Films,2,The Widower: 'Til Death Do Us Part,,1
Greece,GR,2026-10-04,Films,3,Nosferatu,,1
Greece,GR,2026-10-04,Films,4,The Whisper Man,,6
Greece,GR,2026-10-04,Films,5,Cellular,,1
Greece,GR,2026-10-04,Films,6,Last Vegas,,1
Greece,GR,2026-10-04,Films,7,The Butterfly Effect,,1
Greece,GR,2026-10-04,Films,8,Doing Life,,1
Greece,GR,2026-10-04,Films,9,Demon Slayer: Kimetsu no Yaiba Infinity Castle I,,1
Greece,GR,2026-10-04,Films,10,Hanging Up,,1
Greece,GR,2026-10-04,TV,1,LEGO ONE PIECE,LEGO ONE PIECE: Season 1,1
Greece,GR,2026-10-04,TV,2,East of Eden,East of Eden: Limited Series,1
Greece,GR,2026-10-04,TV,3,The Final Problem,The Final Problem: Limited Series,2
Greece,GR,2026-10-04,TV,4,Monster: The Lizzie Borden Story,Monster: The Lizzie Borden Story: Season 1,3
Greece,GR,2026-10-04,TV,5,The Gentlemen,The Gentlemen: Season 2,5
Greece,GR,2026-10-04,TV,6,Minerva Academy,Minerva Academy: Season 1,2
Greece,GR,2026-10-04,TV,7,Ghosts,Ghosts: Season 1,1
Greece,GR,2026-10-04,TV,8,Not a Stranger,Not a Stranger: Season 1,3
Greece,GR,2026-10-04,TV,9,Shaque: Trust No One,Shaque: Trust No One: Season 1,1
Greece,GR,2026-10-04,TV,10,MobLand,MobLand: Season 1,11
Guadeloupe,GP,2026-10-04,Films,1,Doing Life,,1
Guadeloupe,GP,2026-10-04,Films,2,UNABOMBER,,2
Guadeloupe,GP,2026-10-04,Films,3,Hungry,,2
Guadeloupe,GP,2026-10-04,Films,4,Demon Slayer: Kimetsu no Yaiba Infinity Castle I,,1
Guadeloupe,GP,2026-10-04,Films,5,"Crazy Rich, Incredibly Broke",,1
Guadeloupe,GP,2026-10-04,Films,6,M3GAN 2.0,,2
Guadeloupe,GP,2026-10-04,Films,7,Jurassic World Rebirth,,1
Guadeloupe,GP,2026-10-04,Films,8,The Widower: 'Til Death Do Us Part,,1
Guadeloupe,GP,2026-10-04,Films,9,Why Did I Get Married Again?,,4
Guadeloupe,GP,2026-10-04,Films,10,Le grand déplacement,,2
Guadeloupe,GP,2026-10-04,TV,1,A Different World,A Different World: Season 1,2
Guadeloupe,GP,2026-10-04,TV,2,Blood Legacy,Blood Legacy: Season 2,1
Guadeloupe,GP,2026-10-04,TV,3,Not a Stranger,Not a Stranger: Season 1,3
Guadeloupe,GP,2026-10-04,TV,4,Habeas Corpus,Habeas Corpus: Season 1,2
Guadeloupe,GP,2026-10-04,TV,5,The Arena,The Arena: Season 1,1
Guadeloupe,GP,2026-10-04,TV,6,Minerva Academy,Minerva Academy: Season 1,2
Guadeloupe,GP,2026-10-04,TV,7,LEGO ONE PIECE,LEGO ONE PIECE: Season 1,1
Guadeloupe,GP,2026-10-04,TV,8,East of Eden,East of Eden: Limited Series,1
Guadeloupe,GP,2026-10-04,TV,9,Blood Legacy,Blood Legacy: Season 1,4
Guadeloupe,GP,2026-10-04,TV,10,Medusa,Medusa: Season 2,1
Guatemala,GT,2026-10-04,Films,1,UNABOMBER,,2
Guatemala,GT,2026-10-04,Films,2,Unhappily Ever After,,1
Guatemala,GT,2026-10-04,Films,3,Demon Slayer: Kimetsu no Yaiba Infinity Castle I,,1
Guatemala,GT,2026-10-04,Films,4,What a Father!,,1
Guatemala,GT,2026-10-04,Films,5,The Equalizer 3,,1
Guatemala,GT,2026-10-04,Films,6,The Substance,,1
Guatemala,GT,2026-10-04,Films,7,The Mummy,,1
Guatemala,GT,2026-10-04,Films,8,Everyone F@lls​,,1
Guatemala,GT,2026-10-04,Films,9,A Minecraft Movie,,3
Guatemala,GT,2026-10-04,Films,10,Ice Age,,1
Guatemala,GT,2026-10-04,TV,1,Not a Stranger,Not a Stranger: Season 1,3
Guatemala,GT,2026-10-04,TV,2,Shaque: Trust No One,Shaque: Trust No One: Season 1,1
Guatemala,GT,2026-10-04,TV,3,Monster: The Lizzie Borden Story,Monster: The Lizzie Borden Story: Season 1,3
Guatemala,GT,2026-10-04,TV,4,LEGO ONE PIECE,LEGO ONE PIECE: Season 1,1
Guatemala,GT,2026-10-04,TV,5,Irreplaceable,Irreplaceable: Season 1,1
Guatemala,GT,2026-10-04,TV,6,Wonka's The Golden Ticket,Wonka's The Golden Ticket: Season 1,2
Guatemala,GT,2026-10-04,TV,7,Minerva Academy,Minerva Academy: Season 1,1
Guatemala,GT,2026-10-04,TV,8,East of Eden,East of Eden: Limited Series,1
Guatemala,GT,2026-10-04,TV,9,Bir Küçük Gün Işığı,Bir Küçük Gün Işığı: Season 1,2
Guatemala,GT,2026-10-04,TV,10,"Four Hands, Two Sonatas","Four Hands, Two Sonatas: Limited Series",5
Honduras,HN,2026-10-04,Films,1,UNABOMBER,,2
Honduras,HN,2026-10-04,Films,2,The Equalizer 3,,1
Honduras,HN,2026-10-04,Films,3,Demon Slayer: Kimetsu no Yaiba Infinity Castle I,,1
Honduras,HN,2026-10-04,Films,4,What a Father!,,1
Honduras,HN,2026-10-04,Films,5,Unhappily Ever After,,1
Honduras,HN,2026-10-04,Films,6,The Substance,,1
Honduras,HN,2026-10-04,Films,7,The Mummy,,2
Honduras,HN,2026-10-04,Films,8,The Mummy Returns,,1
Honduras,HN,2026-10-04,Films,9,Riot,,3
Honduras,HN,2026-10-04,Films,10,A Minecraft Movie,,3
Honduras,HN,2026-10-04,TV,1,Not a Stranger,Not a Stranger: Season 1,3
Honduras,HN,2026-10-04,TV,2,Irreplaceable,Irreplaceable: Season 1,1
Honduras,HN,2026-10-04,TV,3,A Different World,A Different World: Season 1,1
Honduras,HN,2026-10-04,TV,4,Monster: The Lizzie Borden Story,Monster: The Lizzie Borden Story: Season 1,3
Honduras,HN,2026-10-04,TV,5,Shaque: Trust No One,Shaque: Trust No One: Season 1,1
Honduras,HN,2026-10-04,TV,6,Minerva Academy,Minerva Academy: Season 1,2
Honduras,HN,2026-10-04,TV,7,East of Eden,East of Eden: Limited Series,1
Honduras,HN,2026-10-04,TV,8,LEGO ONE PIECE,LEGO ONE PIECE: Season 1,1
Honduras,HN,2026-10-04,TV,9,Medusa,Medusa: Season 2,1
Honduras,HN,2026-10-04,TV,10,Bir Küçük Gün Işığı,Bir Küçük Gün Işığı: Season 1,2
Hong Kong,HK,2026-10-04,Films,1,UNABOMBER,,2
Hong Kong,HK,2026-10-04,Films,2,Kung Fu Hustle,,6
Hong Kong,HK,2026-10-04,Films,3,The Mummy,,4
Hong Kong,HK,2026-10-04,Films,4,Ocean's 8,,1
Hong Kong,HK,2026-10-04,Films,5,The Mummy Returns,,4
Hong Kong,HK,2026-10-04,Films,6,The Silence of the Lambs,,1
Hong Kong,HK,2026-10-04,Films,7,A Minecraft Movie,,3
Hong Kong,HK,2026-10-04,Films,8,The Mummy: Tomb of the Dragon Emperor,,1
Hong Kong,HK,2026-10-04,Films,9,The Widower: 'Til Death Do Us Part,,1
Hong Kong,HK,2026-10-04,Films,10,Crazy Rich Asians,,3
Hong Kong,HK,2026-10-04,TV,1,Plastic Beauty,Plastic Beauty: Season 1,3
Hong Kong,HK,2026-10-04,TV,2,Irreplaceable,Irreplaceable: Season 1,1
Hong Kong,HK,2026-10-04,TV,3,The Other Side,The Other Side: Season 1,1
Hong Kong,HK,2026-10-04,TV,4,STEEL BALL RUN JoJo’s Bizarre Adventure,STEEL BALL RUN JoJo’s Bizarre Adventure: 2nd-3rd STAGE,1
Hong Kong,HK,2026-10-04,TV,5,The Early Spring,The Early Spring: Season 1,6
Hong Kong,HK,2026-10-04,TV,6,The Scandal,The Scandal: Limited Series,3
Hong Kong,HK,2026-10-04,TV,7,Monster: The Lizzie Borden Story,Monster: The Lizzie Borden Story: Season 1,3
Hong Kong,HK,2026-10-04,TV,8,"Four Hands, Two Sonatas","Four Hands, Two Sonatas: Limited Series",5
Hong Kong,HK,2026-10-04,TV,9,Wonka's The Golden Ticket,Wonka's The Golden Ticket: Season 1,2
Hong Kong,HK,2026-10-04,TV,10,Kian’s Bizarre B&B,Kian’s Bizarre B&B: Season 2,2
Hungary,HU,2026-10-04,Films,1,UNABOMBER,,2
Hungary,HU,2026-10-04,Films,2,The Widower: 'Til Death Do Us Part,,1
Hungary,HU,2026-10-04,Films,3,Doing Life,,1
Hungary,HU,2026-10-04,Films,4,Ted,,3
Hungary,HU,2026-10-04,Films,5,Schumacher ’94 — The Birth of a Legend,,1
Hungary,HU,2026-10-04,Films,6,Ted 2,,2
Hungary,HU,2026-10-04,Films,7,The Whisper Man,,6
Hungary,HU,2026-10-04,Films,8,Best of the Best,,3
Hungary,HU,2026-10-04,Films,9,The Secret Woman,,6
Hungary,HU,2026-10-04,Films,10,The Mummy,,1
Hungary,HU,2026-10-04,TV,1,The Final Problem,The Final Problem: Limited Series,2
Hungary,HU,2026-10-04,TV,2,East of Eden,East of Eden: Limited Series,1
Hungary,HU,2026-10-04,TV,3,Minerva Academy,Minerva Academy: Season 1,2
Hungary,HU,2026-10-04,TV,4,Monster: The Lizzie Borden Story,Monster: The Lizzie Borden Story: Season 1,3
Hungary,HU,2026-10-04,TV,5,Not a Stranger,Not a Stranger: Season 1,3
Hungary,HU,2026-10-04,TV,6,The Gentlemen,The Gentlemen: Season 2,5
Hungary,HU,2026-10-04,TV,7,LEGO ONE PIECE,LEGO ONE PIECE: Season 1,1
Hungary,HU,2026-10-04,TV,8,Habeas Corpus,Habeas Corpus: Season 1,2
Hungary,HU,2026-10-04,TV,9,Crew Girl,Crew Girl: Season 1,4
Hungary,HU,2026-10-04,TV,10,A Different World,A Different World: Season 1,1
Iceland,IS,2026-10-04,Films,1,UNABOMBER,,2
Iceland,IS,2026-10-04,Films,2,The Widower: 'Til Death Do Us Part,,1
Iceland,IS,2026-10-04,Films,3,White Chicks,,4
Iceland,IS,2026-10-04,Films,4,What's Your Number?,,2
Iceland,IS,2026-10-04,Films,5,Hanging Up,,1
Iceland,IS,2026-10-04,Films,6,Aileen: Queen of the Serial Killers,,4
Iceland,IS,2026-10-04,Films,7,The Whisper Man,,6
Iceland,IS,2026-10-04,Films,8,The Mummy,,1
Iceland,IS,2026-10-04,Films,9,Ted,,2
Iceland,IS,2026-10-04,Films,10,Doing Life,,1
Iceland,IS,2026-10-04,TV,1,East of Eden,East of Eden: Limited Series,1
Iceland,IS,2026-10-04,TV,2,Monster: The Lizzie Borden Story,Monster: The Lizzie Borden Story: Season 1,3
Iceland,IS,2026-10-04,TV,3,LEGO ONE PIECE,LEGO ONE PIECE: Season 1,1
Iceland,IS,2026-10-04,TV,4,Wonka's The Golden Ticket,Wonka's The Golden Ticket: Season 1,2
Iceland,IS,2026-10-04,TV,5,The Gentlemen,The Gentlemen: Season 2,5
Iceland,IS,2026-10-04,TV,6,Outside,Outside: Season 1,1
Iceland,IS,2026-10-04,TV,7,Crew Girl,Crew Girl: Season 1,4
Iceland,IS,2026-10-04,TV,8,The Perfect Lie,The Perfect Lie: Season 1,4
Iceland,IS,2026-10-04,TV,9,Matlock,Matlock: Season 1,1
Iceland,IS,2026-10-04,TV,10,The Final Problem,The Final Problem: Limited Series,1
India,IN,2026-10-04,Films,1,Vishwanath & Sons,,4
India,IN,2026-10-04,Films,2,Irumudi,,3
India,IN,2026-10-04,Films,3,Modha Rathri,,3
India,IN,2026-10-04,Films,4,Baby Do Die Do,,2
India,IN,2026-10-04,Films,5,Romã​nchakam,,1
India,IN,2026-10-04,Films,6,Demon Slayer: Kimetsu no Yaiba Infinity Castle I,,1
India,IN,2026-10-04,Films,7,Lust Stories 3,,3
India,IN,2026-10-04,Films,8,UNABOMBER,,1
India,IN,2026-10-04,Films,9,Ohh My Dog,,1
India,IN,2026-10-04,Films,10,Dhamaal 4,,5
India,IN,2026-10-04,TV,1,Shaque: Trust No One,Shaque: Trust No One: Season 1,2
India,IN,2026-10-04,TV,2,The Great Indian Kapil Show,The Great Indian Kapil Show: Season 5,2
India,IN,2026-10-04,TV,3,Chumbak,Chumbak: Season 1,4
India,IN,2026-10-04,TV,4,#Love,#Love: Season 1,1
India,IN,2026-10-04,TV,5,Papa Yaar by Zakir Khan,,3
India,IN,2026-10-04,TV,6,Raw,"Raw: September 28, 2026",1
India,IN,2026-10-04,TV,7,Musafir Cafe,Musafir Cafe: Season 1,11
India,IN,2026-10-04,TV,8,Operation Safed Sagar: The Highest Air Force Mission,Operation Safed Sagar: The Highest Air Force Mission: Season 1,9
India,IN,2026-10-04,TV,9,The Final Problem,The Final Problem: Limited Series,1
India,IN,2026-10-04,TV,10,The Gentlemen,The Gentlemen: Season 2,4
Indonesia,ID,2026-10-04,Films,1,Sekawan Limo 2,,2
Indonesia,ID,2026-10-04,Films,2,Kuntilanak 3,,1
Indonesia,ID,2026-10-04,Films,3,UNABOMBER,,1
Indonesia,ID,2026-10-04,Films,4,General Mayhem: The Killing of Brigadier J,,2
Indonesia,ID,2026-10-04,Films,5,I'll Hold You Always,,2
Indonesia,ID,2026-10-04,Films,6,Project Sacrifice,,4
Indonesia,ID,2026-10-04,Films,7,Ghost in the Cell,,7
Indonesia,ID,2026-10-04,Films,8,Sengkolo: The Catastrophe of One Suro,,3
Indonesia,ID,2026-10-04,Films,9,Kung Fu Hustle,,2
Indonesia,ID,2026-10-04,Films,10,"Ayah, Ini Arahnya ke Mana, Ya?",,4
Indonesia,ID,2026-10-04,TV,1,Adili Idola Celebrity Roast: Reza Arap,,1
Indonesia,ID,2026-10-04,TV,2,Crowyokan,,1
Indonesia,ID,2026-10-04,TV,3,Pote,Pote: Season 1,3
Indonesia,ID,2026-10-04,TV,4,The Scandal,The Scandal: Limited Series,3
Indonesia,ID,2026-10-04,TV,5,"Four Hands, Two Sonatas","Four Hands, Two Sonatas: Limited Series",5
Indonesia,ID,2026-10-04,TV,6,Istri Satu-Satunya,Istri Satu-Satunya: Season 1,4
Indonesia,ID,2026-10-04,TV,7,Irreplaceable,Irreplaceable: Season 1,1
Indonesia,ID,2026-10-04,TV,8,Plastic Beauty,Plastic Beauty: Season 1,2
Indonesia,ID,2026-10-04,TV,9,LEGO ONE PIECE,LEGO ONE PIECE: Season 1,1
Indonesia,ID,2026-10-04,TV,10,The Early Spring,The Early Spring: Season 1,6
Ireland,IE,2026-10-04,Films,1,UNABOMBER,,2
Ireland,IE,2026-10-04,Films,2,The Widower: 'Til Death Do Us Part,,1
Ireland,IE,2026-10-04,Films,3,Kraven the Hunter,,1
Ireland,IE,2026-10-04,Films,4,Sonic the Hedgehog 3,,2
Ireland,IE,2026-10-04,Films,5,The Lego Movie,,1
Ireland,IE,2026-10-04,Films,6,How to Lose a Guy in 10 Days,,3
Ireland,IE,2026-10-04,Films,7,Hanging Up,,1
Ireland,IE,2026-10-04,Films,8,Doing Life,,1
Ireland,IE,2026-10-04,Films,9,Aileen: Queen of the Serial Killers,,4
Ireland,IE,2026-10-04,Films,10,The Whisper Man,,6
Ireland,IE,2026-10-04,TV,1,East of Eden,East of Eden: Limited Series,1
Ireland,IE,2026-10-04,TV,2,Leaving,Leaving: Season 1,2
Ireland,IE,2026-10-04,TV,3,Monster: The Lizzie Borden Story,Monster: The Lizzie Borden Story: Season 1,3
Ireland,IE,2026-10-04,TV,4,Outside,Outside: Season 1,1
Ireland,IE,2026-10-04,TV,5,The Gentlemen,The Gentlemen: Season 2,5
Ireland,IE,2026-10-04,TV,6,Wonka's The Golden Ticket,Wonka's The Golden Ticket: Season 1,2
Ireland,IE,2026-10-04,TV,7,Ms. Rachel,Ms. Rachel: Season 3,1
Ireland,IE,2026-10-04,TV,8,LEGO ONE PIECE,LEGO ONE PIECE: Season 1,1
Ireland,IE,2026-10-04,TV,9,Ms. Rachel,Ms. Rachel: Season 1,79
Ireland,IE,2026-10-04,TV,10,Ms. Rachel,Ms. Rachel: Season 2,27
Israel,IL,2026-10-04,Films,1,UNABOMBER,,2
Israel,IL,2026-10-04,Films,2,The Widower: 'Til Death Do Us Part,,1
Israel,IL,2026-10-04,Films,3,How to Lose a Guy in 10 Days,,3
Israel,IL,2026-10-04,Films,4,Doing Life,,1
Israel,IL,2026-10-04,Films,5,Demon Slayer: Kimetsu no Yaiba Infinity Castle I,,1
Israel,IL,2026-10-04,Films,6,David,,5
Israel,IL,2026-10-04,Films,7,The Silence of the Lambs,,1
Israel,IL,2026-10-04,Films,8,White Chicks,,4
Israel,IL,2026-10-04,Films,9,What's Your Number?,,1
Israel,IL,2026-10-04,Films,10,Hanging Up,,1
Israel,IL,2026-10-04,TV,1,East of Eden,East of Eden: Limited Series,1
Israel,IL,2026-10-04,TV,2,Fauda,Fauda: Season 5,4
Israel,IL,2026-10-04,TV,3,Not a Stranger,Not a Stranger: Season 1,3
Israel,IL,2026-10-04,TV,4,LEGO ONE PIECE,LEGO ONE PIECE: Season 1,1
Israel,IL,2026-10-04,TV,5,The Gentlemen,The Gentlemen: Season 2,5
Israel,IL,2026-10-04,TV,6,Gabby's Dollhouse,Gabby's Dollhouse: Season 14,3
Israel,IL,2026-10-04,TV,7,Crew Girl,Crew Girl: Season 1,4
Israel,IL,2026-10-04,TV,8,Monster: The Lizzie Borden Story,Monster: The Lizzie Borden Story: Season 1,3
Israel,IL,2026-10-04,TV,9,Shaque: Trust No One,Shaque: Trust No One: Season 1,1
Israel,IL,2026-10-04,TV,10,The Gentlemen,The Gentlemen: Season 1,16
Italy,IT,2026-10-04,Films,1,UNABOMBER,,2
Italy,IT,2026-10-04,Films,2,Che Dio Perdona a Tutti,,1
Italy,IT,2026-10-04,Films,3,Novocaine,,2
Italy,IT,2026-10-04,Films,4,Doing Life,,1
Italy,IT,2026-10-04,Films,5,Demon Slayer: Kimetsu no Yaiba Infinity Castle I,,1
Italy,IT,2026-10-04,Films,6,The Whisper Man,,6
Italy,IT,2026-10-04,Films,7,The Widower: 'Til Death Do Us Part,,1
Italy,IT,2026-10-04,Films,8,Due Date,,1
Italy,IT,2026-10-04,Films,9,White Chicks,,1
Italy,IT,2026-10-04,Films,10,Wrath of the Titans,,1
Italy,IT,2026-10-04,TV,1,Minerva Academy,Minerva Academy: Season 1,2
Italy,IT,2026-10-04,TV,2,Physical 100: Italy,Physical 100: Italy: Season 1,4
Italy,IT,2026-10-04,TV,3,Not a Stranger,Not a Stranger: Season 1,3
Italy,IT,2026-10-04,TV,4,Monster: The Lizzie Borden Story,Monster: The Lizzie Borden Story: Season 1,3
Italy,IT,2026-10-04,TV,5,The Final Problem,The Final Problem: Limited Series,2
Italy,IT,2026-10-04,TV,6,East of Eden,East of Eden: Limited Series,1
Italy,IT,2026-10-04,TV,7,LEGO ONE PIECE,LEGO ONE PIECE: Season 1,1
Italy,IT,2026-10-04,TV,8,The Gentlemen,The Gentlemen: Season 2,5
Italy,IT,2026-10-04,TV,9,Habeas Corpus,Habeas Corpus: Season 1,1
Italy,IT,2026-10-04,TV,10,Crew Girl,Crew Girl: Season 1,4
Jamaica,JM,2026-10-04,Films,1,Doing Life,,1
Jamaica,JM,2026-10-04,Films,2,The Equalizer 3,,1
Jamaica,JM,2026-10-04,Films,3,UNABOMBER,,2
Jamaica,JM,2026-10-04,Films,4,Demon Slayer: Kimetsu no Yaiba Infinity Castle I,,1
Jamaica,JM,2026-10-04,Films,5,Black Adam,,2
Jamaica,JM,2026-10-04,Films,6,Why Did I Get Married Again?,,4
Jamaica,JM,2026-10-04,Films,7,Sinners,,1
Jamaica,JM,2026-10-04,Films,8,The Mummy,,1
Jamaica,JM,2026-10-04,Films,9,Riot,,3
Jamaica,JM,2026-10-04,Films,10,The Mummy Returns,,1
Jamaica,JM,2026-10-04,TV,1,A Different World,A Different World: Season 1,2
Jamaica,JM,2026-10-04,TV,2,Blood Legacy,Blood Legacy: Season 2,1
Jamaica,JM,2026-10-04,TV,3,Minerva Academy,Minerva Academy: Season 1,2
Jamaica,JM,2026-10-04,TV,4,Blood Legacy,Blood Legacy: Season 1,2
Jamaica,JM,2026-10-04,TV,5,East of Eden,East of Eden: Limited Series,1
Jamaica,JM,2026-10-04,TV,6,Ms. Rachel,Ms. Rachel: Season 1,71
Jamaica,JM,2026-10-04,TV,7,Not a Stranger,Not a Stranger: Season 1,3
Jamaica,JM,2026-10-04,TV,8,Ms. Rachel,Ms. Rachel: Season 3,1
Jamaica,JM,2026-10-04,TV,9,Raw,"Raw: September 28, 2026",1
Jamaica,JM,2026-10-04,TV,10,Crew Girl,Crew Girl: Season 1,4
Japan,JP,2026-10-04,Films,1,Detective Conan the Counterfeit Case of Ultra 30,,2
Japan,JP,2026-10-04,Films,2,Under the Open Sky,,2
Japan,JP,2026-10-04,Films,3,Angry Squad: Civil Servants & Seven Swindlers,,1
Japan,JP,2026-10-04,Films,4,UNABOMBER,,1
Japan,JP,2026-10-04,Films,5,Stella Next to Me,,2
Japan,JP,2026-10-04,Films,6,Iron Man,,2
Japan,JP,2026-10-04,Films,7,366 Days,,1
Japan,JP,2026-10-04,Films,8,Mononoke The Movie: Chapter Ⅲ - The Curse of the Serpent,,1
Japan,JP,2026-10-04,Films,9,Untraceable,,1
Japan,JP,2026-10-04,Films,10,The Silence of the Lambs,,1
Japan,JP,2026-10-04,TV,1,Plastic Beauty,Plastic Beauty: Season 1,3
Japan,JP,2026-10-04,TV,2,STEEL BALL RUN JoJo’s Bizarre Adventure,STEEL BALL RUN JoJo’s Bizarre Adventure: 2nd-3rd STAGE,1
Japan,JP,2026-10-04,TV,3,The Villager of Level 999,The Villager of Level 999: Season 1,1
Japan,JP,2026-10-04,TV,4,A Wild Last Boss Appeared!,A Wild Last Boss Appeared!: Season 1,1
Japan,JP,2026-10-04,TV,5,Boss,Boss: Season 1,1
Japan,JP,2026-10-04,TV,6,Eerie: Invisible Face,Eerie: Invisible Face: Season 1,2
Japan,JP,2026-10-04,TV,7,STEEL BALL RUN JoJo’s Bizarre Adventure,STEEL BALL RUN JoJo’s Bizarre Adventure: 1st STAGE,3
Japan,JP,2026-10-04,TV,8,Mushoku Tensei: Jobless Reincarnation,Mushoku Tensei: Jobless Reincarnation: Season 3,11
Japan,JP,2026-10-04,TV,9,Vivant,Vivant: Season 1,18
Japan,JP,2026-10-04,TV,10,Marumo's Story,Marumo's Story: Season 1,1
Jordan,JO,2026-10-04,Films,1,UNABOMBER,,2
Jordan,JO,2026-10-04,Films,2,"Crazy Rich, Incredibly Broke",,1
Jordan,JO,2026-10-04,Films,3,Demon Slayer: Kimetsu no Yaiba Infinity Castle I,,1
Jordan,JO,2026-10-04,Films,4,How to Lose a Guy in 10 Days,,3
Jordan,JO,2026-10-04,Films,5,Wolf Man,,1
Jordan,JO,2026-10-04,Films,6,The Whisper Man,,6
Jordan,JO,2026-10-04,Films,7,The Silence of the Lambs,,1
Jordan,JO,2026-10-04,Films,8,The Widower: 'Til Death Do Us Part,,1
Jordan,JO,2026-10-04,Films,9,White Chicks,,3
Jordan,JO,2026-10-04,Films,10,Facing El Chapo,,7
Jordan,JO,2026-10-04,TV,1,Not a Stranger,Not a Stranger: Season 1,3
Jordan,JO,2026-10-04,TV,2,The Mentalist,The Mentalist: Season 1,18
Jordan,JO,2026-10-04,TV,3,East of Eden,East of Eden: Limited Series,1
Jordan,JO,2026-10-04,TV,4,Monster: The Lizzie Borden Story,Monster: The Lizzie Borden Story: Season 1,3
Jordan,JO,2026-10-04,TV,5,Ghosts,Ghosts: Season 1,1
Jordan,JO,2026-10-04,TV,6,The Gentlemen,The Gentlemen: Season 2,5
Jordan,JO,2026-10-04,TV,7,Wonka's The Golden Ticket,Wonka's The Golden Ticket: Season 1,2
Jordan,JO,2026-10-04,TV,8,The Gentlemen,The Gentlemen: Season 1,17
Jordan,JO,2026-10-04,TV,9,The Mentalist,The Mentalist: Season 2,11
Jordan,JO,2026-10-04,TV,10,The Final Problem,The Final Problem: Limited Series,1
Kenya,KE,2026-10-04,Films,1,UNABOMBER,,2
Kenya,KE,2026-10-04,Films,2,Doing Life,,1
Kenya,KE,2026-10-04,Films,3,Ocean's 8,,1
Kenya,KE,2026-10-04,Films,4,Why Did I Get Married Again?,,4
Kenya,KE,2026-10-04,Films,5,"Crazy Rich, Incredibly Broke",,1
Kenya,KE,2026-10-04,Films,6,The Widower: 'Til Death Do Us Part,,1
Kenya,KE,2026-10-04,Films,7,Best of the Best,,3
Kenya,KE,2026-10-04,Films,8,We're the Millers,,1
Kenya,KE,2026-10-04,Films,9,Demon Slayer: Kimetsu no Yaiba Infinity Castle I,,1
Kenya,KE,2026-10-04,Films,10,Black Adam,,3
Kenya,KE,2026-10-04,TV,1,A Different World,A Different World: Season 1,2
Kenya,KE,2026-10-04,TV,2,Minerva Academy,Minerva Academy: Season 1,2
Kenya,KE,2026-10-04,TV,3,Shaque: Trust No One,Shaque: Trust No One: Season 1,2
Kenya,KE,2026-10-04,TV,4,Not a Stranger,Not a Stranger: Season 1,3
Kenya,KE,2026-10-04,TV,5,Ghosts,Ghosts: Season 1,1
Kenya,KE,2026-10-04,TV,6,Blood Legacy,Blood Legacy: Season 2,1
Kenya,KE,2026-10-04,TV,7,East of Eden,East of Eden: Limited Series,1
Kenya,KE,2026-10-04,TV,8,Matlock,Matlock: Season 1,1
Kenya,KE,2026-10-04,TV,9,The Gentlemen,The Gentlemen: Season 2,5
Kenya,KE,2026-10-04,TV,10,Beauty in Black,Beauty in Black: Season 3,6
Kuwait,KW,2026-10-04,Films,1,UNABOMBER,,2
Kuwait,KW,2026-10-04,Films,2,"Crazy Rich, Incredibly Broke",,1
Kuwait,KW,2026-10-04,Films,3,Wolf Man,,1
Kuwait,KW,2026-10-04,Films,4,Demon Slayer: Kimetsu no Yaiba Infinity Castle I,,1
Kuwait,KW,2026-10-04,Films,5,The Mummy,,1
Kuwait,KW,2026-10-04,Films,6,The Widower: 'Til Death Do Us Part,,1
Kuwait,KW,2026-10-04,Films,7,How to Lose a Guy in 10 Days,,1
Kuwait,KW,2026-10-04,Films,8,White Chicks,,5
Kuwait,KW,2026-10-04,Films,9,The Whisper Man,,6
Kuwait,KW,2026-10-04,Films,10,The Silence of the Lambs,,1
Kuwait,KW,2026-10-04,TV,1,Shaque: Trust No One,Shaque: Trust No One: Season 1,2
Kuwait,KW,2026-10-04,TV,2,Not a Stranger,Not a Stranger: Season 1,3
Kuwait,KW,2026-10-04,TV,3,Monster: The Lizzie Borden Story,Monster: The Lizzie Borden Story: Season 1,3
Kuwait,KW,2026-10-04,TV,4,Wonka's The Golden Ticket,Wonka's The Golden Ticket: Season 1,2
Kuwait,KW,2026-10-04,TV,5,East of Eden,East of Eden: Limited Series,1
Kuwait,KW,2026-10-04,TV,6,Ghosts,Ghosts: Season 1,1
Kuwait,KW,2026-10-04,TV,7,LEGO ONE PIECE,LEGO ONE PIECE: Season 1,1
Kuwait,KW,2026-10-04,TV,8,The Gentlemen,The Gentlemen: Season 2,5
Kuwait,KW,2026-10-04,TV,9,The Great Indian Kapil Show,The Great Indian Kapil Show: Season 5,1
Kuwait,KW,2026-10-04,TV,10,The Gentlemen,The Gentlemen: Season 1,14
Latvia,LV,2026-10-04,Films,1,UNABOMBER,,2
Latvia,LV,2026-10-04,Films,2,The Widower: 'Til Death Do Us Part,,1
Latvia,LV,2026-10-04,Films,3,The Mummy,,5
Latvia,LV,2026-10-04,Films,4,White Chicks,,2
Latvia,LV,2026-10-04,Films,5,The Mummy Returns,,2
Latvia,LV,2026-10-04,Films,6,Ted,,5
Latvia,LV,2026-10-04,Films,7,Shrek,,16
Latvia,LV,2026-10-04,Films,8,Despicable Me 4,,24
Latvia,LV,2026-10-04,Films,9,Demon Slayer: Kimetsu no Yaiba Infinity Castle I,,1
Latvia,LV,2026-10-04,Films,10,Ted 2,,2
Latvia,LV,2026-10-04,TV,1,Monster: The Lizzie Borden Story,Monster: The Lizzie Borden Story: Season 1,3
Latvia,LV,2026-10-04,TV,2,East of Eden,East of Eden: Limited Series,1
Latvia,LV,2026-10-04,TV,3,LEGO ONE PIECE,LEGO ONE PIECE: Season 1,1
Latvia,LV,2026-10-04,TV,4,The Final Problem,The Final Problem: Limited Series,2
Latvia,LV,2026-10-04,TV,5,The Gentlemen,The Gentlemen: Season 2,5
Latvia,LV,2026-10-04,TV,6,Outside,Outside: Season 1,1
Latvia,LV,2026-10-04,TV,7,Wonka's The Golden Ticket,Wonka's The Golden Ticket: Season 1,2
Latvia,LV,2026-10-04,TV,8,Crew Girl,Crew Girl: Season 1,4
Latvia,LV,2026-10-04,TV,9,The Gentlemen,The Gentlemen: Season 1,15
Latvia,LV,2026-10-04,TV,10,Love is Blind: Netherlands,Love is Blind: Netherlands: Season 1,1
Lebanon,LB,2026-10-04,Films,1,UNABOMBER,,2
Lebanon,LB,2026-10-04,Films,2,How to Lose a Guy in 10 Days,,3
Lebanon,LB,2026-10-04,Films,3,Wolf Man,,1
Lebanon,LB,2026-10-04,Films,4,Facing El Chapo,,6
Lebanon,LB,2026-10-04,Films,5,Anora,,4
Lebanon,LB,2026-10-04,Films,6,"Crazy Rich, Incredibly Broke",,1
Lebanon,LB,2026-10-04,Films,7,Companion,,1
Lebanon,LB,2026-10-04,Films,8,Demon Slayer: Kimetsu no Yaiba Infinity Castle I,,1
Lebanon,LB,2026-10-04,Films,9,The Whisper Man,,6
Lebanon,LB,2026-10-04,Films,10,What's Your Number?,,2
Lebanon,LB,2026-10-04,TV,1,Fauda,Fauda: Season 5,4
Lebanon,LB,2026-10-04,TV,2,Not a Stranger,Not a Stranger: Season 1,3
Lebanon,LB,2026-10-04,TV,3,East of Eden,East of Eden: Limited Series,1
Lebanon,LB,2026-10-04,TV,4,Fauda,Fauda: Season 1,8
Lebanon,LB,2026-10-04,TV,5,The Final Problem,The Final Problem: Limited Series,1
Lebanon,LB,2026-10-04,TV,6,Fauda,Fauda: Season 2,7
Lebanon,LB,2026-10-04,TV,7,Fauda,Fauda: Season 3,8
Lebanon,LB,2026-10-04,TV,8,Fauda,Fauda: Season 4,10
Lebanon,LB,2026-10-04,TV,9,The Gentlemen,The Gentlemen: Season 2,5
Lebanon,LB,2026-10-04,TV,10,Monster: The Lizzie Borden Story,Monster: The Lizzie Borden Story: Season 1,3
Lithuania,LT,2026-10-04,Films,1,UNABOMBER,,2
Lithuania,LT,2026-10-04,Films,2,The Widower: 'Til Death Do Us Part,,1
Lithuania,LT,2026-10-04,Films,3,The Mummy,,4
Lithuania,LT,2026-10-04,Films,4,White Chicks,,1
Lithuania,LT,2026-10-04,Films,5,Demon Slayer: Kimetsu no Yaiba Infinity Castle I,,1
Lithuania,LT,2026-10-04,Films,6,The Whisper Man,,6
Lithuania,LT,2026-10-04,Films,7,Ted,,5
Lithuania,LT,2026-10-04,Films,8,The Mummy Returns,,1
Lithuania,LT,2026-10-04,Films,9,Ted 2,,4
Lithuania,LT,2026-10-04,Films,10,What's Your Number?,,2
Lithuania,LT,2026-10-04,TV,1,East of Eden,East of Eden: Limited Series,1
Lithuania,LT,2026-10-04,TV,2,Monster: The Lizzie Borden Story,Monster: The Lizzie Borden Story: Season 1,3
Lithuania,LT,2026-10-04,TV,3,The Gentlemen,The Gentlemen: Season 2,5
Lithuania,LT,2026-10-04,TV,4,The Final Problem,The Final Problem: Limited Series,2
Lithuania,LT,2026-10-04,TV,5,LEGO ONE PIECE,LEGO ONE PIECE: Season 1,1
Lithuania,LT,2026-10-04,TV,6,Wonka's The Golden Ticket,Wonka's The Golden Ticket: Season 1,2
Lithuania,LT,2026-10-04,TV,7,Crew Girl,Crew Girl: Season 1,4
Lithuania,LT,2026-10-04,TV,8,Love is Blind: Netherlands,Love is Blind: Netherlands: Season 1,1
Lithuania,LT,2026-10-04,TV,9,The Gentlemen,The Gentlemen: Season 1,15
Lithuania,LT,2026-10-04,TV,10,Not a Stranger,Not a Stranger: Season 1,2
Luxembourg,LU,2026-10-04,Films,1,UNABOMBER,,2
Luxembourg,LU,2026-10-04,Films,2,The Widower: 'Til Death Do Us Part,,1
Luxembourg,LU,2026-10-04,Films,3,Doing Life,,1
Luxembourg,LU,2026-10-04,Films,4,Demon Slayer: Kimetsu no Yaiba Infinity Castle I,,1
Luxembourg,LU,2026-10-04,Films,5,Schumacher ’94 — The Birth of a Legend,,1
Luxembourg,LU,2026-10-04,Films,6,How to Lose a Guy in 10 Days,,1
Luxembourg,LU,2026-10-04,Films,7,The Whisper Man,,6
Luxembourg,LU,2026-10-04,Films,8,Jurassic World Rebirth,,1
Luxembourg,LU,2026-10-04,Films,9,M3GAN 2.0,,2
Luxembourg,LU,2026-10-04,Films,10,Novocaine,,3
Luxembourg,LU,2026-10-04,TV,1,Monster: The Lizzie Borden Story,Monster: The Lizzie Borden Story: Season 1,3
Luxembourg,LU,2026-10-04,TV,2,East of Eden,East of Eden: Limited Series,1
Luxembourg,LU,2026-10-04,TV,3,Not a Stranger,Not a Stranger: Season 1,3
Luxembourg,LU,2026-10-04,TV,4,LEGO ONE PIECE,LEGO ONE PIECE: Season 1,1
Luxembourg,LU,2026-10-04,TV,5,The Final Problem,The Final Problem: Limited Series,2
Luxembourg,LU,2026-10-04,TV,6,A Different World,A Different World: Season 1,2
Luxembourg,LU,2026-10-04,TV,7,Minerva Academy,Minerva Academy: Season 1,2
Luxembourg,LU,2026-10-04,TV,8,The Gentlemen,The Gentlemen: Season 2,5
Luxembourg,LU,2026-10-04,TV,9,Habeas Corpus,Habeas Corpus: Season 1,1
Luxembourg,LU,2026-10-04,TV,10,Wonka's The Golden Ticket,Wonka's The Golden Ticket: Season 1,2
Malaysia,MY,2026-10-04,Films,1,The Furious: Pertaruhan Maruah,,1
Malaysia,MY,2026-10-04,Films,2,Kung Fu Hustle,,4
Malaysia,MY,2026-10-04,Films,3,UNABOMBER,,1
Malaysia,MY,2026-10-04,Films,4,6 Jilake,,2
Malaysia,MY,2026-10-04,Films,5,Haunted Universities 4,,1
Malaysia,MY,2026-10-04,Films,6,Libang Libu,,4
Malaysia,MY,2026-10-04,Films,7,Tarung: Unforgiven,,4
Malaysia,MY,2026-10-04,Films,8,Polong,,3
Malaysia,MY,2026-10-04,Films,9,Sengkolo: The Catastrophe of One Suro,,3
Malaysia,MY,2026-10-04,Films,10,The Mummy,,1
Malaysia,MY,2026-10-04,TV,1,Kudrat 1968: High Council,Kudrat 1968: High Council: Season 1,4
Malaysia,MY,2026-10-04,TV,2,Shaque: Trust No One,Shaque: Trust No One: Season 1,2
Malaysia,MY,2026-10-04,TV,3,LEGO ONE PIECE,LEGO ONE PIECE: Season 1,1
Malaysia,MY,2026-10-04,TV,4,Monster: The Lizzie Borden Story,Monster: The Lizzie Borden Story: Season 1,3
Malaysia,MY,2026-10-04,TV,5,Wonka's The Golden Ticket,Wonka's The Golden Ticket: Season 1,2
Malaysia,MY,2026-10-04,TV,6,Plastic Beauty,Plastic Beauty: Season 1,2
Malaysia,MY,2026-10-04,TV,7,Dr. Vampire,Dr. Vampire: Season 1,1
Malaysia,MY,2026-10-04,TV,8,Irreplaceable,Irreplaceable: Season 1,1
Malaysia,MY,2026-10-04,TV,9,Kian’s Bizarre B&B,Kian’s Bizarre B&B: Season 2,2
Malaysia,MY,2026-10-04,TV,10,Kisah Bawah Tanah,Kisah Bawah Tanah: Season 1,3
Maldives,MV,2026-10-04,Films,1,UNABOMBER,,2
Maldives,MV,2026-10-04,Films,2,Baby Do Die Do,,2
Maldives,MV,2026-10-04,Films,3,The Woman in the Yard,,1
Maldives,MV,2026-10-04,Films,4,Death of a Unicorn,,1
Maldives,MV,2026-10-04,Films,5,Vishwanath & Sons,,4
Maldives,MV,2026-10-04,Films,6,Irumudi,,3
Maldives,MV,2026-10-04,Films,7,Ocean's 8,,1
Maldives,MV,2026-10-04,Films,8,Lust Stories 3,,3
Maldives,MV,2026-10-04,Films,9,Best of the Best,,3
Maldives,MV,2026-10-04,Films,10,The Widower: 'Til Death Do Us Part,,1
Maldives,MV,2026-10-04,TV,1,Shaque: Trust No One,Shaque: Trust No One: Season 1,2
Maldives,MV,2026-10-04,TV,2,The Great Indian Kapil Show,The Great Indian Kapil Show: Season 5,2
Maldives,MV,2026-10-04,TV,3,LEGO ONE PIECE,LEGO ONE PIECE: Season 1,1
Maldives,MV,2026-10-04,TV,4,Chumbak,Chumbak: Season 1,4
Maldives,MV,2026-10-04,TV,5,Monster: The Lizzie Borden Story,Monster: The Lizzie Borden Story: Season 1,3
Maldives,MV,2026-10-04,TV,6,Not a Stranger,Not a Stranger: Season 1,2
Maldives,MV,2026-10-04,TV,7,Crew Girl,Crew Girl: Season 1,4
Maldives,MV,2026-10-04,TV,8,Wonka's The Golden Ticket,Wonka's The Golden Ticket: Season 1,2
Maldives,MV,2026-10-04,TV,9,The Mentalist,The Mentalist: Season 1,8
Maldives,MV,2026-10-04,TV,10,East of Eden,East of Eden: Limited Series,1
Malta,MT,2026-10-04,Films,1,UNABOMBER,,2
Malta,MT,2026-10-04,Films,2,The Widower: 'Til Death Do Us Part,,1
Malta,MT,2026-10-04,Films,3,Novocaine,,2
Malta,MT,2026-10-04,Films,4,The Mummy,,1
Malta,MT,2026-10-04,Films,5,Doing Life,,1
Malta,MT,2026-10-04,Films,6,What's Your Number?,,3
Malta,MT,2026-10-04,Films,7,Hanging Up,,1
Malta,MT,2026-10-04,Films,8,Schumacher ’94 — The Birth of a Legend,,1
Malta,MT,2026-10-04,Films,9,White Chicks,,3
Malta,MT,2026-10-04,Films,10,The Mummy Returns,,1
Malta,MT,2026-10-04,TV,1,Monster: The Lizzie Borden Story,Monster: The Lizzie Borden Story: Season 1,3
Malta,MT,2026-10-04,TV,2,Leaving,Leaving: Season 1,1
Malta,MT,2026-10-04,TV,3,East of Eden,East of Eden: Limited Series,1
Malta,MT,2026-10-04,TV,4,Wonka's The Golden Ticket,Wonka's The Golden Ticket: Season 1,2
Malta,MT,2026-10-04,TV,5,Not a Stranger,Not a Stranger: Season 1,3
Malta,MT,2026-10-04,TV,6,The Gentlemen,The Gentlemen: Season 2,5
Malta,MT,2026-10-04,TV,7,The Final Problem,The Final Problem: Limited Series,2
Malta,MT,2026-10-04,TV,8,Shaque: Trust No One,Shaque: Trust No One: Season 1,1
Malta,MT,2026-10-04,TV,9,LEGO ONE PIECE,LEGO ONE PIECE: Season 1,1
Malta,MT,2026-10-04,TV,10,Outside,Outside: Season 1,1
Martinique,MQ,2026-10-04,Films,1,Doing Life,,1
Martinique,MQ,2026-10-04,Films,2,UNABOMBER,,2
Martinique,MQ,2026-10-04,Films,3,Hungry,,2
Martinique,MQ,2026-10-04,Films,4,Demon Slayer: Kimetsu no Yaiba Infinity Castle I,,1
Martinique,MQ,2026-10-04,Films,5,M3GAN 2.0,,2
Martinique,MQ,2026-10-04,Films,6,"Crazy Rich, Incredibly Broke",,1
Martinique,MQ,2026-10-04,Films,7,Jurassic World Rebirth,,1
Martinique,MQ,2026-10-04,Films,8,Why Did I Get Married Again?,,4
Martinique,MQ,2026-10-04,Films,9,The Widower: 'Til Death Do Us Part,,1
Martinique,MQ,2026-10-04,Films,10,Le grand déplacement,,2
Martinique,MQ,2026-10-04,TV,1,A Different World,A Different World: Season 1,2
Martinique,MQ,2026-10-04,TV,2,Blood Legacy,Blood Legacy: Season 2,1
Martinique,MQ,2026-10-04,TV,3,Not a Stranger,Not a Stranger: Season 1,3
Martinique,MQ,2026-10-04,TV,4,Habeas Corpus,Habeas Corpus: Season 1,2
Martinique,MQ,2026-10-04,TV,5,The Arena,The Arena: Season 1,1
Martinique,MQ,2026-10-04,TV,6,Minerva Academy,Minerva Academy: Season 1,2
Martinique,MQ,2026-10-04,TV,7,LEGO ONE PIECE,LEGO ONE PIECE: Season 1,1
Martinique,MQ,2026-10-04,TV,8,East of Eden,East of Eden: Limited Series,1
Martinique,MQ,2026-10-04,TV,9,Blood Legacy,Blood Legacy: Season 1,4
Martinique,MQ,2026-10-04,TV,10,Medusa,Medusa: Season 2,1
Mauritius,MU,2026-10-04,Films,1,UNABOMBER,,2
Mauritius,MU,2026-10-04,Films,2,Doing Life,,1
Mauritius,MU,2026-10-04,Films,3,Baby Do Die Do,,2
Mauritius,MU,2026-10-04,Films,4,Demon Slayer: Kimetsu no Yaiba Infinity Castle I,,1
Mauritius,MU,2026-10-04,Films,5,"Crazy Rich, Incredibly Broke",,1
Mauritius,MU,2026-10-04,Films,6,Best of the Best,,3
Mauritius,MU,2026-10-04,Films,7,Irumudi,,3
Mauritius,MU,2026-10-04,Films,8,Ohh My Dog,,1
Mauritius,MU,2026-10-04,Films,9,The Mummy,,2
Mauritius,MU,2026-10-04,Films,10,Vishwanath & Sons,,4
Mauritius,MU,2026-10-04,TV,1,Shaque: Trust No One,Shaque: Trust No One: Season 1,2
Mauritius,MU,2026-10-04,TV,2,A Different World,A Different World: Season 1,2
Mauritius,MU,2026-10-04,TV,3,Chumbak,Chumbak: Season 1,4
Mauritius,MU,2026-10-04,TV,4,The Great Indian Kapil Show,The Great Indian Kapil Show: Season 5,2
Mauritius,MU,2026-10-04,TV,5,Minerva Academy,Minerva Academy: Season 1,2
Mauritius,MU,2026-10-04,TV,6,Not a Stranger,Not a Stranger: Season 1,3
Mauritius,MU,2026-10-04,TV,7,East of Eden,East of Eden: Limited Series,1
Mauritius,MU,2026-10-04,TV,8,Wonka's The Golden Ticket,Wonka's The Golden Ticket: Season 1,2
Mauritius,MU,2026-10-04,TV,9,Habeas Corpus,Habeas Corpus: Season 1,1
Mauritius,MU,2026-10-04,TV,10,Monster: The Lizzie Borden Story,Monster: The Lizzie Borden Story: Season 1,3
Mexico,MX,2026-10-04,Films,1,UNABOMBER,,2
Mexico,MX,2026-10-04,Films,2,What a Father!,,1
Mexico,MX,2026-10-04,Films,3,Unhappily Ever After,,1
Mexico,MX,2026-10-04,Films,4,The Equalizer 3,,1
Mexico,MX,2026-10-04,Films,5,Demon Slayer: Kimetsu no Yaiba Infinity Castle I,,1
Mexico,MX,2026-10-04,Films,6,The Substance,,1
Mexico,MX,2026-10-04,Films,7,A Minecraft Movie,,3
Mexico,MX,2026-10-04,Films,8,Everyone F@lls​,,1
Mexico,MX,2026-10-04,Films,9,The Mummy,,1
Mexico,MX,2026-10-04,Films,10,Shrek,,56
Mexico,MX,2026-10-04,TV,1,Not a Stranger,Not a Stranger: Season 1,3
Mexico,MX,2026-10-04,TV,2,Physical 100: Mexico,Physical 100: Mexico: Season 1,3
Mexico,MX,2026-10-04,TV,3,Monster: The Lizzie Borden Story,Monster: The Lizzie Borden Story: Season 1,3
Mexico,MX,2026-10-04,TV,4,Shaque: Trust No One,Shaque: Trust No One: Season 1,1
Mexico,MX,2026-10-04,TV,5,East of Eden,East of Eden: Limited Series,1
Mexico,MX,2026-10-04,TV,6,LEGO ONE PIECE,LEGO ONE PIECE: Season 1,1
Mexico,MX,2026-10-04,TV,7,Irreplaceable,Irreplaceable: Season 1,1
Mexico,MX,2026-10-04,TV,8,Raw,"Raw: September 28, 2026",1
Mexico,MX,2026-10-04,TV,9,Lovesick,Lovesick: Season 1,5
Mexico,MX,2026-10-04,TV,10,Bir Küçük Gün Işığı,Bir Küçük Gün Işığı: Season 1,1
Morocco,MA,2026-10-04,Films,1,UNABOMBER,,2
Morocco,MA,2026-10-04,Films,2,Demon Slayer: Kimetsu no Yaiba Infinity Castle I,,1
Morocco,MA,2026-10-04,Films,3,"Crazy Rich, Incredibly Broke",,1
Morocco,MA,2026-10-04,Films,4,Wolf Man,,1
Morocco,MA,2026-10-04,Films,5,Doing Life,,1
Morocco,MA,2026-10-04,Films,6,The Equalizer 3,,7
Morocco,MA,2026-10-04,Films,7,Facing El Chapo,,7
Morocco,MA,2026-10-04,Films,8,The Silence of the Lambs,,1
Morocco,MA,2026-10-04,Films,9,The Widower: 'Til Death Do Us Part,,1
Morocco,MA,2026-10-04,Films,10,How to Lose a Guy in 10 Days,,3
Morocco,MA,2026-10-04,TV,1,Not a Stranger,Not a Stranger: Season 1,3
Morocco,MA,2026-10-04,TV,2,Minerva Academy,Minerva Academy: Season 1,2
Morocco,MA,2026-10-04,TV,3,The Gentlemen,The Gentlemen: Season 2,5
Morocco,MA,2026-10-04,TV,4,Shaque: Trust No One,Shaque: Trust No One: Season 1,1
Morocco,MA,2026-10-04,TV,5,East of Eden,East of Eden: Limited Series,1
Morocco,MA,2026-10-04,TV,6,The Final Problem,The Final Problem: Limited Series,2
Morocco,MA,2026-10-04,TV,7,The Gentlemen,The Gentlemen: Season 1,17
Morocco,MA,2026-10-04,TV,8,Monster: The Lizzie Borden Story,Monster: The Lizzie Borden Story: Season 1,3
Morocco,MA,2026-10-04,TV,9,LEGO ONE PIECE,LEGO ONE PIECE: Season 1,1
Morocco,MA,2026-10-04,TV,10,The Arena,The Arena: Season 1,1
Netherlands,NL,2026-10-04,Films,1,UNABOMBER,,2
Netherlands,NL,2026-10-04,Films,2,The Widower: 'Til Death Do Us Part,,1
Netherlands,NL,2026-10-04,Films,3,Doing Life,,1
Netherlands,NL,2026-10-04,Films,4,Tummy Tom and the Lost Teddy Bear,,7
Netherlands,NL,2026-10-04,Films,5,The Whisper Man,,6
Netherlands,NL,2026-10-04,Films,6,The Town,,1
Netherlands,NL,2026-10-04,Films,7,Tummy Tom: A New Friend for Tummy Tom,,7
Netherlands,NL,2026-10-04,Films,8,The Secret Woman,,6
Netherlands,NL,2026-10-04,Films,9,Aileen: Queen of the Serial Killers,,4
Netherlands,NL,2026-10-04,Films,10,Hanging Up,,1
Netherlands,NL,2026-10-04,TV,1,Love is Blind: Netherlands,Love is Blind: Netherlands: Season 1,1
Netherlands,NL,2026-10-04,TV,2,The Perfect Lie,The Perfect Lie: Season 1,4
Netherlands,NL,2026-10-04,TV,3,East of Eden,East of Eden: Limited Series,1
Netherlands,NL,2026-10-04,TV,4,Monster: The Lizzie Borden Story,Monster: The Lizzie Borden Story: Season 1,3
Netherlands,NL,2026-10-04,TV,5,The Gentlemen,The Gentlemen: Season 2,5
Netherlands,NL,2026-10-04,TV,6,Crew Girl,Crew Girl: Season 1,4
Netherlands,NL,2026-10-04,TV,7,LEGO ONE PIECE,LEGO ONE PIECE: Season 1,1
Netherlands,NL,2026-10-04,TV,8,Shaque: Trust No One,Shaque: Trust No One: Season 1,1
Netherlands,NL,2026-10-04,TV,9,A Different World,A Different World: Season 1,1
Netherlands,NL,2026-10-04,TV,10,Not a Stranger,Not a Stranger: Season 1,3
New Caledonia,NC,2026-10-04,Films,1,UNABOMBER,,2
New Caledonia,NC,2026-10-04,Films,2,Hungry,,2
New Caledonia,NC,2026-10-04,Films,3,M3GAN 2.0,,2
New Caledonia,NC,2026-10-04,Films,4,Demon Slayer: Kimetsu no Yaiba Infinity Castle I,,1
New Caledonia,NC,2026-10-04,Films,5,Doing Life,,1
New Caledonia,NC,2026-10-04,Films,6,Clash of the Titans,,2
New Caledonia,NC,2026-10-04,Films,7,Jurassic World Rebirth,,1
New Caledonia,NC,2026-10-04,Films,8,Rush Hour,,1
New Caledonia,NC,2026-10-04,Films,9,The Widower: 'Til Death Do Us Part,,1
New Caledonia,NC,2026-10-04,Films,10,Le grand déplacement,,1
New Caledonia,NC,2026-10-04,TV,1,A Different World,A Different World: Season 1,2
New Caledonia,NC,2026-10-04,TV,2,Minerva Academy,Minerva Academy: Season 1,2
New Caledonia,NC,2026-10-04,TV,3,The Arena,The Arena: Season 1,1
New Caledonia,NC,2026-10-04,TV,4,LEGO ONE PIECE,LEGO ONE PIECE: Season 1,1
New Caledonia,NC,2026-10-04,TV,5,East of Eden,East of Eden: Limited Series,1
New Caledonia,NC,2026-10-04,TV,6,Habeas Corpus,Habeas Corpus: Season 1,1
New Caledonia,NC,2026-10-04,TV,7,Not a Stranger,Not a Stranger: Season 1,3
New Caledonia,NC,2026-10-04,TV,8,The Final Problem,The Final Problem: Limited Series,1
New Caledonia,NC,2026-10-04,TV,9,Crew Girl,Crew Girl: Season 1,4
New Caledonia,NC,2026-10-04,TV,10,Monster: The Lizzie Borden Story,Monster: The Lizzie Borden Story: Season 1,3
New Zealand,NZ,2026-10-04,Films,1,UNABOMBER,,2
New Zealand,NZ,2026-10-04,Films,2,The Widower: 'Til Death Do Us Part,,1
New Zealand,NZ,2026-10-04,Films,3,Reminders of Him,,1
New Zealand,NZ,2026-10-04,Films,4,Doing Life,,1
New Zealand,NZ,2026-10-04,Films,5,Locked,,2
New Zealand,NZ,2026-10-04,Films,6,White Chicks,,1
New Zealand,NZ,2026-10-04,Films,7,We're the Millers,,3
New Zealand,NZ,2026-10-04,Films,8,Hanging Up,,1
New Zealand,NZ,2026-10-04,Films,9,The Mummy,,1
New Zealand,NZ,2026-10-04,Films,10,Ice Age: The Meltdown,,1
New Zealand,NZ,2026-10-04,TV,1,East of Eden,East of Eden: Limited Series,1
New Zealand,NZ,2026-10-04,TV,2,Wonka's The Golden Ticket,Wonka's The Golden Ticket: Season 1,2
New Zealand,NZ,2026-10-04,TV,3,Monster: The Lizzie Borden Story,Monster: The Lizzie Borden Story: Season 1,3
New Zealand,NZ,2026-10-04,TV,4,LEGO ONE PIECE,LEGO ONE PIECE: Season 1,1
New Zealand,NZ,2026-10-04,TV,5,The Gentlemen,The Gentlemen: Season 2,5
New Zealand,NZ,2026-10-04,TV,6,A Different World,A Different World: Season 1,1
New Zealand,NZ,2026-10-04,TV,7,Outside,Outside: Season 1,1
New Zealand,NZ,2026-10-04,TV,8,Shaque: Trust No One,Shaque: Trust No One: Season 1,2
New Zealand,NZ,2026-10-04,TV,9,Crew Girl,Crew Girl: Season 1,4
New Zealand,NZ,2026-10-04,TV,10,Danny Go!,Danny Go!: Season 2,6
Nicaragua,NI,2026-10-04,Films,1,Demon Slayer: Kimetsu no Yaiba Infinity Castle I,,1
Nicaragua,NI,2026-10-04,Films,2,UNABOMBER,,2
Nicaragua,NI,2026-10-04,Films,3,The Equalizer 3,,1
Nicaragua,NI,2026-10-04,Films,4,The Mummy,,3
Nicaragua,NI,2026-10-04,Films,5,The Substance,,1
Nicaragua,NI,2026-10-04,Films,6,Unhappily Ever After,,1
Nicaragua,NI,2026-10-04,Films,7,What a Father!,,1
Nicaragua,NI,2026-10-04,Films,8,The Mummy Returns,,1
Nicaragua,NI,2026-10-04,Films,9,Riot,,3
Nicaragua,NI,2026-10-04,Films,10,How to Lose a Guy in 10 Days,,1
Nicaragua,NI,2026-10-04,TV,1,Not a Stranger,Not a Stranger: Season 1,3
Nicaragua,NI,2026-10-04,TV,2,Irreplaceable,Irreplaceable: Season 1,1
Nicaragua,NI,2026-10-04,TV,3,Shaque: Trust No One,Shaque: Trust No One: Season 1,1
Nicaragua,NI,2026-10-04,TV,4,Monster: The Lizzie Borden Story,Monster: The Lizzie Borden Story: Season 1,3
Nicaragua,NI,2026-10-04,TV,5,A Different World,A Different World: Season 1,1
Nicaragua,NI,2026-10-04,TV,6,Minerva Academy,Minerva Academy: Season 1,2
Nicaragua,NI,2026-10-04,TV,7,East of Eden,East of Eden: Limited Series,1
Nicaragua,NI,2026-10-04,TV,8,Raw,"Raw: September 28, 2026",1
Nicaragua,NI,2026-10-04,TV,9,"Four Hands, Two Sonatas","Four Hands, Two Sonatas: Limited Series",6
Nicaragua,NI,2026-10-04,TV,10,Medusa,Medusa: Season 2,1
Nigeria,NG,2026-10-04,Films,1,Oversabi Aunty,,1
Nigeria,NG,2026-10-04,Films,2,Doing Life,,1
Nigeria,NG,2026-10-04,Films,3,UNABOMBER,,2
Nigeria,NG,2026-10-04,Films,4,My Father's Shadow,,2
Nigeria,NG,2026-10-04,Films,5,Ocean's 8,,1
Nigeria,NG,2026-10-04,Films,6,"Crazy Rich, Incredibly Broke",,1
Nigeria,NG,2026-10-04,Films,7,Best of the Best,,3
Nigeria,NG,2026-10-04,Films,8,Why Did I Get Married Again?,,4
Nigeria,NG,2026-10-04,Films,9,Black Adam,,3
Nigeria,NG,2026-10-04,Films,10,Demon Slayer: Kimetsu no Yaiba Infinity Castle I,,1
Nigeria,NG,2026-10-04,TV,1,A Different World,A Different World: Season 1,2
Nigeria,NG,2026-10-04,TV,2,Ordinary People,Ordinary People: Season 1,5
Nigeria,NG,2026-10-04,TV,3,Minerva Academy,Minerva Academy: Season 1,2
Nigeria,NG,2026-10-04,TV,4,Shaque: Trust No One,Shaque: Trust No One: Season 1,1
Nigeria,NG,2026-10-04,TV,5,The Gentlemen,The Gentlemen: Season 2,5
Nigeria,NG,2026-10-04,TV,6,Monster: The Lizzie Borden Story,Monster: The Lizzie Borden Story: Season 1,3
Nigeria,NG,2026-10-04,TV,7,Blood Legacy,Blood Legacy: Season 2,1
Nigeria,NG,2026-10-04,TV,8,The Gentlemen,The Gentlemen: Season 1,14
Nigeria,NG,2026-10-04,TV,9,Beauty in Black,Beauty in Black: Season 3,6
Nigeria,NG,2026-10-04,TV,10,East of Eden,East of Eden: Limited Series,1
Norway,NO,2026-10-04,Films,1,UNABOMBER,,2
Norway,NO,2026-10-04,Films,2,The Widower: 'Til Death Do Us Part,,1
Norway,NO,2026-10-04,Films,3,CHIPS,,1
Norway,NO,2026-10-04,Films,4,The Secret Woman,,6
Norway,NO,2026-10-04,Films,5,The Whisper Man,,6
Norway,NO,2026-10-04,Films,6,We're the Millers,,1
Norway,NO,2026-10-04,Films,7,Aileen: Queen of the Serial Killers,,4
Norway,NO,2026-10-04,Films,8,Doing Life,,1
Norway,NO,2026-10-04,Films,9,Tag,,1
Norway,NO,2026-10-04,Films,10,Hanging Up,,1
Norway,NO,2026-10-04,TV,1,East of Eden,East of Eden: Limited Series,1
Norway,NO,2026-10-04,TV,2,Monster: The Lizzie Borden Story,Monster: The Lizzie Borden Story: Season 1,3
Norway,NO,2026-10-04,TV,3,LEGO ONE PIECE,LEGO ONE PIECE: Season 1,1
Norway,NO,2026-10-04,TV,4,The Gentlemen,The Gentlemen: Season 2,5
Norway,NO,2026-10-04,TV,5,Blood Sacrifice,Blood Sacrifice: Season 1,7
Norway,NO,2026-10-04,TV,6,Crew Girl,Crew Girl: Season 1,4
Norway,NO,2026-10-04,TV,7,Gabby's Dollhouse,Gabby's Dollhouse: Season 14,3
Norway,NO,2026-10-04,TV,8,Wonka's The Golden Ticket,Wonka's The Golden Ticket: Season 1,2
Norway,NO,2026-10-04,TV,9,The Gentlemen,The Gentlemen: Season 1,15
Norway,NO,2026-10-04,TV,10,Outside,Outside: Season 1,1
Oman,OM,2026-10-04,Films,1,UNABOMBER,,2
Oman,OM,2026-10-04,Films,2,"Crazy Rich, Incredibly Broke",,1
Oman,OM,2026-10-04,Films,3,Demon Slayer: Kimetsu no Yaiba Infinity Castle I,,1
Oman,OM,2026-10-04,Films,4,Wolf Man,,1
Oman,OM,2026-10-04,Films,5,Alpha,,6
Oman,OM,2026-10-04,Films,6,Baby Do Die Do,,2
Oman,OM,2026-10-04,Films,7,The Mummy,,1
Oman,OM,2026-10-04,Films,8,Gandhari,,5
Oman,OM,2026-10-04,Films,9,Modha Rathri,,3
Oman,OM,2026-10-04,Films,10,Companion,,1
Oman,OM,2026-10-04,TV,1,Shaque: Trust No One,Shaque: Trust No One: Season 1,2
Oman,OM,2026-10-04,TV,2,Not a Stranger,Not a Stranger: Season 1,3
Oman,OM,2026-10-04,TV,3,The Great Indian Kapil Show,The Great Indian Kapil Show: Season 5,2
Oman,OM,2026-10-04,TV,4,Monster: The Lizzie Borden Story,Monster: The Lizzie Borden Story: Season 1,3
Oman,OM,2026-10-04,TV,5,East of Eden,East of Eden: Limited Series,1
Oman,OM,2026-10-04,TV,6,LEGO ONE PIECE,LEGO ONE PIECE: Season 1,1
Oman,OM,2026-10-04,TV,7,Wonka's The Golden Ticket,Wonka's The Golden Ticket: Season 1,2
Oman,OM,2026-10-04,TV,8,The Gentlemen,The Gentlemen: Season 2,5
Oman,OM,2026-10-04,TV,9,Minerva Academy,Minerva Academy: Season 1,1
Oman,OM,2026-10-04,TV,10,Ghosts,Ghosts: Season 1,1
Pakistan,PK,2026-10-04,Films,1,Baby Do Die Do,,2
Pakistan,PK,2026-10-04,Films,2,UNABOMBER,,1
Pakistan,PK,2026-10-04,Films,3,Death of a Unicorn,,1
Pakistan,PK,2026-10-04,Films,4,Dhamaal 4,,5
Pakistan,PK,2026-10-04,Films,5,The Woman in the Yard,,1
Pakistan,PK,2026-10-04,Films,6,Vishwanath & Sons,,4
Pakistan,PK,2026-10-04,Films,7,Lust Stories 3,,3
Pakistan,PK,2026-10-04,Films,8,Irumudi,,3
Pakistan,PK,2026-10-04,Films,9,Alpha,,6
Pakistan,PK,2026-10-04,Films,10,Gandhari,,5
Pakistan,PK,2026-10-04,TV,1,Shaque: Trust No One,Shaque: Trust No One: Season 1,2
Pakistan,PK,2026-10-04,TV,2,The Great Indian Kapil Show,The Great Indian Kapil Show: Season 5,2
Pakistan,PK,2026-10-04,TV,3,Chumbak,Chumbak: Season 1,4
Pakistan,PK,2026-10-04,TV,4,Papa Yaar by Zakir Khan,,3
Pakistan,PK,2026-10-04,TV,5,The Gentlemen,The Gentlemen: Season 2,5
Pakistan,PK,2026-10-04,TV,6,The Gentlemen,The Gentlemen: Season 1,17
Pakistan,PK,2026-10-04,TV,7,Monster: The Lizzie Borden Story,Monster: The Lizzie Borden Story: Season 1,3
Pakistan,PK,2026-10-04,TV,8,The Final Problem,The Final Problem: Limited Series,1
Pakistan,PK,2026-10-04,TV,9,Crew Girl,Crew Girl: Season 1,4
Pakistan,PK,2026-10-04,TV,10,Minerva Academy,Minerva Academy: Season 1,1
Panama,PA,2026-10-04,Films,1,UNABOMBER,,2
Panama,PA,2026-10-04,Films,2,The Equalizer 3,,1
Panama,PA,2026-10-04,Films,3,Demon Slayer: Kimetsu no Yaiba Infinity Castle I,,1
Panama,PA,2026-10-04,Films,4,Doing Life,,1
Panama,PA,2026-10-04,Films,5,The Widower: 'Til Death Do Us Part,,1
Panama,PA,2026-10-04,Films,6,"Crazy Rich, Incredibly Broke",,1
Panama,PA,2026-10-04,Films,7,What a Father!,,1
Panama,PA,2026-10-04,Films,8,The Substance,,1
Panama,PA,2026-10-04,Films,9,Unhappily Ever After,,1
Panama,PA,2026-10-04,Films,10,Riot,,3
Panama,PA,2026-10-04,TV,1,Not a Stranger,Not a Stranger: Season 1,3
Panama,PA,2026-10-04,TV,2,A Different World,A Different World: Season 1,2
Panama,PA,2026-10-04,TV,3,Shaque: Trust No One,Shaque: Trust No One: Season 1,1
Panama,PA,2026-10-04,TV,4,Medusa,Medusa: Season 2,1
Panama,PA,2026-10-04,TV,5,LEGO ONE PIECE,LEGO ONE PIECE: Season 1,1
Panama,PA,2026-10-04,TV,6,Minerva Academy,Minerva Academy: Season 1,2
Panama,PA,2026-10-04,TV,7,Monster: The Lizzie Borden Story,Monster: The Lizzie Borden Story: Season 1,3
Panama,PA,2026-10-04,TV,8,East of Eden,East of Eden: Limited Series,1
Panama,PA,2026-10-04,TV,9,Irreplaceable,Irreplaceable: Season 1,1
Panama,PA,2026-10-04,TV,10,Wonka's The Golden Ticket,Wonka's The Golden Ticket: Season 1,2
Paraguay,PY,2026-10-04,Films,1,UNABOMBER,,2
Paraguay,PY,2026-10-04,Films,2,The Equalizer 3,,1
Paraguay,PY,2026-10-04,Films,3,Demon Slayer: Kimetsu no Yaiba Infinity Castle I,,1
Paraguay,PY,2026-10-04,Films,4,The Substance,,1
Paraguay,PY,2026-10-04,Films,5,What a Father!,,1
Paraguay,PY,2026-10-04,Films,6,Riot,,3
Paraguay,PY,2026-10-04,Films,7,Black Adam,,2
Paraguay,PY,2026-10-04,Films,8,How to Lose a Guy in 10 Days,,2
Paraguay,PY,2026-10-04,Films,9,A Minecraft Movie,,3
Paraguay,PY,2026-10-04,Films,10,The Widower: 'Til Death Do Us Part,,1
Paraguay,PY,2026-10-04,TV,1,Not a Stranger,Not a Stranger: Season 1,3
Paraguay,PY,2026-10-04,TV,2,Monster: The Lizzie Borden Story,Monster: The Lizzie Borden Story: Season 1,3
Paraguay,PY,2026-10-04,TV,3,Irreplaceable,Irreplaceable: Season 1,1
Paraguay,PY,2026-10-04,TV,4,Minerva Academy,Minerva Academy: Season 1,2
Paraguay,PY,2026-10-04,TV,5,Shaque: Trust No One,Shaque: Trust No One: Season 1,1
Paraguay,PY,2026-10-04,TV,6,LEGO ONE PIECE,LEGO ONE PIECE: Season 1,1
Paraguay,PY,2026-10-04,TV,7,Crew Girl,Crew Girl: Season 1,4
Paraguay,PY,2026-10-04,TV,8,Habeas Corpus,Habeas Corpus: Season 1,1
Paraguay,PY,2026-10-04,TV,9,East of Eden,East of Eden: Limited Series,1
Paraguay,PY,2026-10-04,TV,10,The Final Problem,The Final Problem: Limited Series,1
Peru,PE,2026-10-04,Films,1,UNABOMBER,,2
Peru,PE,2026-10-04,Films,2,Demon Slayer: Kimetsu no Yaiba Infinity Castle I,,1
Peru,PE,2026-10-04,Films,3,The Equalizer 3,,1
Peru,PE,2026-10-04,Films,4,The Substance,,1
Peru,PE,2026-10-04,Films,5,The Mummy,,4
Peru,PE,2026-10-04,Films,6,What a Father!,,1
Peru,PE,2026-10-04,Films,7,The Mummy Returns,,1
Peru,PE,2026-10-04,Films,8,Black Adam,,2
Peru,PE,2026-10-04,Films,9,Riot,,3
Peru,PE,2026-10-04,Films,10,A Minecraft Movie,,3
Peru,PE,2026-10-04,TV,1,Not a Stranger,Not a Stranger: Season 1,3
Peru,PE,2026-10-04,TV,2,Shaque: Trust No One,Shaque: Trust No One: Season 1,1
Peru,PE,2026-10-04,TV,3,Irreplaceable,Irreplaceable: Season 1,1
Peru,PE,2026-10-04,TV,4,Plastic Beauty,Plastic Beauty: Season 1,2
Peru,PE,2026-10-04,TV,5,Teach You a Lesson,Teach You a Lesson: Limited Series,18
Peru,PE,2026-10-04,TV,6,Monster: The Lizzie Borden Story,Monster: The Lizzie Borden Story: Season 1,3
Peru,PE,2026-10-04,TV,7,"Four Hands, Two Sonatas","Four Hands, Two Sonatas: Limited Series",6
Peru,PE,2026-10-04,TV,8,Minerva Academy,Minerva Academy: Season 1,2
Peru,PE,2026-10-04,TV,9,LEGO ONE PIECE,LEGO ONE PIECE: Season 1,1
Peru,PE,2026-10-04,TV,10,East of Eden,East of Eden: Limited Series,1
Philippines,PH,2026-10-04,Films,1,Midnight Girls,,1
Philippines,PH,2026-10-04,Films,2,UNABOMBER,,2
Philippines,PH,2026-10-04,Films,3,Ocean's 8,,1
Philippines,PH,2026-10-04,Films,4,Kung Fu Hustle,,3
Philippines,PH,2026-10-04,Films,5,Clash of the Titans,,2
Philippines,PH,2026-10-04,Films,6,The Mummy,,1
Philippines,PH,2026-10-04,Films,7,A Minecraft Movie,,3
Philippines,PH,2026-10-04,Films,8,White Chicks,,1
Philippines,PH,2026-10-04,Films,9,I'mPerfect,,3
Philippines,PH,2026-10-04,Films,10,The Mummy Returns,,1
Philippines,PH,2026-10-04,TV,1,Monster: The Lizzie Borden Story,Monster: The Lizzie Borden Story: Season 1,3
Philippines,PH,2026-10-04,TV,2,"Someone, Someday","Someone, Someday: Season 1",11
Philippines,PH,2026-10-04,TV,3,Ghosts,Ghosts: Season 1,1
Philippines,PH,2026-10-04,TV,4,Wonka's The Golden Ticket,Wonka's The Golden Ticket: Season 1,2
Philippines,PH,2026-10-04,TV,5,Plastic Beauty,Plastic Beauty: Season 1,2
Philippines,PH,2026-10-04,TV,6,LEGO ONE PIECE,LEGO ONE PIECE: Season 1,1
Philippines,PH,2026-10-04,TV,7,Crew Girl,Crew Girl: Season 1,4
Philippines,PH,2026-10-04,TV,8,"Four Hands, Two Sonatas","Four Hands, Two Sonatas: Limited Series",5
Philippines,PH,2026-10-04,TV,9,The Rookie,The Rookie: Season 1,1
Philippines,PH,2026-10-04,TV,10,Ghosts,Ghosts: Season 2,1
Poland,PL,2026-10-04,Films,1,UNABOMBER,,2
Poland,PL,2026-10-04,Films,2,The Widower: 'Til Death Do Us Part,,1
Poland,PL,2026-10-04,Films,3,Doing Life,,1
Poland,PL,2026-10-04,Films,4,The Whisper Man,,6
Poland,PL,2026-10-04,Films,5,CHIPS,,1
Poland,PL,2026-10-04,Films,6,The Secret Woman,,6
Poland,PL,2026-10-04,Films,7,"Crazy Rich, Incredibly Broke",,1
Poland,PL,2026-10-04,Films,8,The Judge,,3
Poland,PL,2026-10-04,Films,9,The Little Things,,4
Poland,PL,2026-10-04,Films,10,Hanging Up,,1
Poland,PL,2026-10-04,TV,1,The Doll,The Doll: Limited Series,3
Poland,PL,2026-10-04,TV,2,East of Eden,East of Eden: Limited Series,1
Poland,PL,2026-10-04,TV,3,Shaque: Trust No One,Shaque: Trust No One: Season 1,1
Poland,PL,2026-10-04,TV,4,The Final Problem,The Final Problem: Limited Series,2
Poland,PL,2026-10-04,TV,5,Monster: The Lizzie Borden Story,Monster: The Lizzie Borden Story: Season 1,3
Poland,PL,2026-10-04,TV,6,LEGO ONE PIECE,LEGO ONE PIECE: Season 1,1
Poland,PL,2026-10-04,TV,7,Not a Stranger,Not a Stranger: Season 1,3
Poland,PL,2026-10-04,TV,8,Minerva Academy,Minerva Academy: Season 1,2
Poland,PL,2026-10-04,TV,9,Gabby's Dollhouse,Gabby's Dollhouse: Season 14,3
Poland,PL,2026-10-04,TV,10,The Gentlemen,The Gentlemen: Season 2,5
Portugal,PT,2026-10-04,Films,1,UNABOMBER,,2
Portugal,PT,2026-10-04,Films,2,The Widower: 'Til Death Do Us Part,,1
Portugal,PT,2026-10-04,Films,3,Doing Life,,1
Portugal,PT,2026-10-04,Films,4,Demon Slayer: Kimetsu no Yaiba Infinity Castle I,,1
Portugal,PT,2026-10-04,Films,5,How to Lose a Guy in 10 Days,,2
Portugal,PT,2026-10-04,Films,6,The Whisper Man,,6
Portugal,PT,2026-10-04,Films,7,Last Vegas,,2
Portugal,PT,2026-10-04,Films,8,"Crazy Rich, Incredibly Broke",,1
Portugal,PT,2026-10-04,Films,9,Best of the Best,,3
Portugal,PT,2026-10-04,Films,10,The Secret Woman,,6
Portugal,PT,2026-10-04,TV,1,East of Eden,East of Eden: Limited Series,1
Portugal,PT,2026-10-04,TV,2,The Final Problem,The Final Problem: Limited Series,2
Portugal,PT,2026-10-04,TV,3,Habeas Corpus,Habeas Corpus: Season 1,2
Portugal,PT,2026-10-04,TV,4,LEGO ONE PIECE,LEGO ONE PIECE: Season 1,1
Portugal,PT,2026-10-04,TV,5,Minerva Academy,Minerva Academy: Season 1,2
Portugal,PT,2026-10-04,TV,6,Monster: The Lizzie Borden Story,Monster: The Lizzie Borden Story: Season 1,3
Portugal,PT,2026-10-04,TV,7,A Different World,A Different World: Season 1,1
Portugal,PT,2026-10-04,TV,8,Not a Stranger,Not a Stranger: Season 1,3
Portugal,PT,2026-10-04,TV,9,The Gentlemen,The Gentlemen: Season 2,5
Portugal,PT,2026-10-04,TV,10,Shaque: Trust No One,Shaque: Trust No One: Season 1,1
Qatar,QA,2026-10-04,Films,1,UNABOMBER,,2
Qatar,QA,2026-10-04,Films,2,"Crazy Rich, Incredibly Broke",,1
Qatar,QA,2026-10-04,Films,3,Wolf Man,,1
Qatar,QA,2026-10-04,Films,4,Demon Slayer: Kimetsu no Yaiba Infinity Castle I,,1
Qatar,QA,2026-10-04,Films,5,Midnight Girls,,1
Qatar,QA,2026-10-04,Films,6,The Mummy,,1
Qatar,QA,2026-10-04,Films,7,The Widower: 'Til Death Do Us Part,,1
Qatar,QA,2026-10-04,Films,8,Baby Do Die Do,,2
Qatar,QA,2026-10-04,Films,9,The Mummy: Tomb of the Dragon Emperor,,1
Qatar,QA,2026-10-04,Films,10,Companion,,1
Qatar,QA,2026-10-04,TV,1,Shaque: Trust No One,Shaque: Trust No One: Season 1,2
Qatar,QA,2026-10-04,TV,2,Monster: The Lizzie Borden Story,Monster: The Lizzie Borden Story: Season 1,3
Qatar,QA,2026-10-04,TV,3,The Great Indian Kapil Show,The Great Indian Kapil Show: Season 5,1
Qatar,QA,2026-10-04,TV,4,Wonka's The Golden Ticket,Wonka's The Golden Ticket: Season 1,2
Qatar,QA,2026-10-04,TV,5,East of Eden,East of Eden: Limited Series,1
Qatar,QA,2026-10-04,TV,6,Not a Stranger,Not a Stranger: Season 1,3
Qatar,QA,2026-10-04,TV,7,LEGO ONE PIECE,LEGO ONE PIECE: Season 1,1
Qatar,QA,2026-10-04,TV,8,Ghosts,Ghosts: Season 1,1
Qatar,QA,2026-10-04,TV,9,The Gentlemen,The Gentlemen: Season 2,5
Qatar,QA,2026-10-04,TV,10,#Love,#Love: Season 1,1
Romania,RO,2026-10-04,Films,1,UNABOMBER,,2
Romania,RO,2026-10-04,Films,2,Doing Life,,1
Romania,RO,2026-10-04,Films,3,Venom: The Last Dance,,2
Romania,RO,2026-10-04,Films,4,The Widower: 'Til Death Do Us Part,,1
Romania,RO,2026-10-04,Films,5,CHIPS,,1
Romania,RO,2026-10-04,Films,6,Clash of the Titans,,2
Romania,RO,2026-10-04,Films,7,"Crazy Rich, Incredibly Broke",,1
Romania,RO,2026-10-04,Films,8,Hanging Up,,1
Romania,RO,2026-10-04,Films,9,The Whisper Man,,6
Romania,RO,2026-10-04,Films,10,The Secret Woman,,5
Romania,RO,2026-10-04,TV,1,East of Eden,East of Eden: Limited Series,1
Romania,RO,2026-10-04,TV,2,Minerva Academy,Minerva Academy: Season 1,2
Romania,RO,2026-10-04,TV,3,The Final Problem,The Final Problem: Limited Series,2
Romania,RO,2026-10-04,TV,4,Not a Stranger,Not a Stranger: Season 1,3
Romania,RO,2026-10-04,TV,5,Monster: The Lizzie Borden Story,Monster: The Lizzie Borden Story: Season 1,3
Romania,RO,2026-10-04,TV,6,Shaque: Trust No One,Shaque: Trust No One: Season 1,1
Romania,RO,2026-10-04,TV,7,LEGO ONE PIECE,LEGO ONE PIECE: Season 1,1
Romania,RO,2026-10-04,TV,8,The Rookie,The Rookie: Season 7,1
Romania,RO,2026-10-04,TV,9,The Gentlemen,The Gentlemen: Season 2,5
Romania,RO,2026-10-04,TV,10,Irreplaceable,Irreplaceable: Season 1,1
Réunion,RE,2026-10-04,Films,1,UNABOMBER,,2
Réunion,RE,2026-10-04,Films,2,Doing Life,,1
Réunion,RE,2026-10-04,Films,3,Hungry,,2
Réunion,RE,2026-10-04,Films,4,Demon Slayer: Kimetsu no Yaiba Infinity Castle I,,1
Réunion,RE,2026-10-04,Films,5,M3GAN 2.0,,2
Réunion,RE,2026-10-04,Films,6,Rush Hour,,1
Réunion,RE,2026-10-04,Films,7,Jurassic World Rebirth,,1
Réunion,RE,2026-10-04,Films,8,"Crazy Rich, Incredibly Broke",,1
Réunion,RE,2026-10-04,Films,9,Rush Hour 2,,1
Réunion,RE,2026-10-04,Films,10,Le grand déplacement,,2
Réunion,RE,2026-10-04,TV,1,A Different World,A Different World: Season 1,2
Réunion,RE,2026-10-04,TV,2,The Arena,The Arena: Season 1,1
Réunion,RE,2026-10-04,TV,3,Not a Stranger,Not a Stranger: Season 1,3
Réunion,RE,2026-10-04,TV,4,LEGO ONE PIECE,LEGO ONE PIECE: Season 1,1
Réunion,RE,2026-10-04,TV,5,Minerva Academy,Minerva Academy: Season 1,2
Réunion,RE,2026-10-04,TV,6,East of Eden,East of Eden: Limited Series,1
Réunion,RE,2026-10-04,TV,7,Habeas Corpus,Habeas Corpus: Season 1,1
Réunion,RE,2026-10-04,TV,8,Monster: The Lizzie Borden Story,Monster: The Lizzie Borden Story: Season 1,3
Réunion,RE,2026-10-04,TV,9,Ghosts,Ghosts: Season 2,1
Réunion,RE,2026-10-04,TV,10,Blood Legacy,Blood Legacy: Season 2,1
Saudi Arabia,SA,2026-10-04,Films,1,"Crazy Rich, Incredibly Broke",,1
Saudi Arabia,SA,2026-10-04,Films,2,UNABOMBER,,2
Saudi Arabia,SA,2026-10-04,Films,3,Wolf Man,,1
Saudi Arabia,SA,2026-10-04,Films,4,Demon Slayer: Kimetsu no Yaiba Infinity Castle I,,1
Saudi Arabia,SA,2026-10-04,Films,5,Shabab El Bomb 3,,8
Saudi Arabia,SA,2026-10-04,Films,6,Facing El Chapo,,7
Saudi Arabia,SA,2026-10-04,Films,7,The Whisper Man,,6
Saudi Arabia,SA,2026-10-04,Films,8,Alpha,,4
Saudi Arabia,SA,2026-10-04,Films,9,How to Lose a Guy in 10 Days,,1
Saudi Arabia,SA,2026-10-04,Films,10,Companion,,1
Saudi Arabia,SA,2026-10-04,TV,1,Shaque: Trust No One,Shaque: Trust No One: Season 1,2
Saudi Arabia,SA,2026-10-04,TV,2,Not a Stranger,Not a Stranger: Season 1,3
Saudi Arabia,SA,2026-10-04,TV,3,Monster: The Lizzie Borden Story,Monster: The Lizzie Borden Story: Season 1,3
Saudi Arabia,SA,2026-10-04,TV,4,East of Eden,East of Eden: Limited Series,1
Saudi Arabia,SA,2026-10-04,TV,5,The Gentlemen,The Gentlemen: Season 2,5
Saudi Arabia,SA,2026-10-04,TV,6,The Mentalist,The Mentalist: Season 1,12
Saudi Arabia,SA,2026-10-04,TV,7,Wonka's The Golden Ticket,Wonka's The Golden Ticket: Season 1,2
Saudi Arabia,SA,2026-10-04,TV,8,The Gentlemen,The Gentlemen: Season 1,21
Saudi Arabia,SA,2026-10-04,TV,9,LEGO ONE PIECE,LEGO ONE PIECE: Season 1,1
Saudi Arabia,SA,2026-10-04,TV,10,Years of Darkness,Years of Darkness: Season 1,6
Serbia,RS,2026-10-04,Films,1,UNABOMBER,,2
Serbia,RS,2026-10-04,Films,2,The Whisper Man,,6
Serbia,RS,2026-10-04,Films,3,The Widower: 'Til Death Do Us Part,,1
Serbia,RS,2026-10-04,Films,4,The Secret Woman,,6
Serbia,RS,2026-10-04,Films,5,Doing Life,,1
Serbia,RS,2026-10-04,Films,6,The Mummy,,2
Serbia,RS,2026-10-04,Films,7,Hanging Up,,1
Serbia,RS,2026-10-04,Films,8,What's Your Number?,,4
Serbia,RS,2026-10-04,Films,9,Facing El Chapo,,6
Serbia,RS,2026-10-04,Films,10,Demon Slayer: Kimetsu no Yaiba Infinity Castle I,,1
Serbia,RS,2026-10-04,TV,1,The Final Problem,The Final Problem: Limited Series,2
Serbia,RS,2026-10-04,TV,2,East of Eden,East of Eden: Limited Series,1
Serbia,RS,2026-10-04,TV,3,The Gentlemen,The Gentlemen: Season 2,5
Serbia,RS,2026-10-04,TV,4,Not a Stranger,Not a Stranger: Season 1,3
Serbia,RS,2026-10-04,TV,5,Minerva Academy,Minerva Academy: Season 1,2
Serbia,RS,2026-10-04,TV,6,Monster: The Lizzie Borden Story,Monster: The Lizzie Borden Story: Season 1,3
Serbia,RS,2026-10-04,TV,7,LEGO ONE PIECE,LEGO ONE PIECE: Season 1,1
Serbia,RS,2026-10-04,TV,8,The Gentlemen,The Gentlemen: Season 1,18
Serbia,RS,2026-10-04,TV,9,The Perfect Lie,The Perfect Lie: Season 1,4
Serbia,RS,2026-10-04,TV,10,Crew Girl,Crew Girl: Season 1,4
Singapore,SG,2026-10-04,Films,1,UNABOMBER,,2
Singapore,SG,2026-10-04,Films,2,The Furious: Pertaruhan Maruah,,1
Singapore,SG,2026-10-04,Films,3,Ocean's 8,,1
Singapore,SG,2026-10-04,Films,4,Kung Fu Hustle,,4
Singapore,SG,2026-10-04,Films,5,The Widower: 'Til Death Do Us Part,,1
Singapore,SG,2026-10-04,Films,6,Haunted Universities 4,,1
Singapore,SG,2026-10-04,Films,7,A Minecraft Movie,,2
Singapore,SG,2026-10-04,Films,8,The Mummy,,1
Singapore,SG,2026-10-04,Films,9,White Chicks,,1
Singapore,SG,2026-10-04,Films,10,Modha Rathri,,3
Singapore,SG,2026-10-04,TV,1,Irreplaceable,Irreplaceable: Season 1,1
Singapore,SG,2026-10-04,TV,2,Wonka's The Golden Ticket,Wonka's The Golden Ticket: Season 1,2
Singapore,SG,2026-10-04,TV,3,Kian’s Bizarre B&B,Kian’s Bizarre B&B: Season 2,2
Singapore,SG,2026-10-04,TV,4,The Early Spring,The Early Spring: Season 1,6
Singapore,SG,2026-10-04,TV,5,Shaque: Trust No One,Shaque: Trust No One: Season 1,1
Singapore,SG,2026-10-04,TV,6,The Scandal,The Scandal: Limited Series,3
Singapore,SG,2026-10-04,TV,7,Plastic Beauty,Plastic Beauty: Season 1,2
Singapore,SG,2026-10-04,TV,8,LEGO ONE PIECE,LEGO ONE PIECE: Season 1,1
Singapore,SG,2026-10-04,TV,9,"Four Hands, Two Sonatas","Four Hands, Two Sonatas: Limited Series",4
Singapore,SG,2026-10-04,TV,10,Monster: The Lizzie Borden Story,Monster: The Lizzie Borden Story: Season 1,3
Slovakia,SK,2026-10-04,Films,1,UNABOMBER,,2
Slovakia,SK,2026-10-04,Films,2,The Widower: 'Til Death Do Us Part,,1
Slovakia,SK,2026-10-04,Films,3,Second Chances,,2
Slovakia,SK,2026-10-04,Films,4,Doing Life,,1
Slovakia,SK,2026-10-04,Films,5,The Mummy,,2
Slovakia,SK,2026-10-04,Films,6,Schumacher ’94 — The Birth of a Legend,,1
Slovakia,SK,2026-10-04,Films,7,Ted,,2
Slovakia,SK,2026-10-04,Films,8,The Mummy Returns,,1
Slovakia,SK,2026-10-04,Films,9,Ted 2,,1
Slovakia,SK,2026-10-04,Films,10,The Whisper Man,,6
Slovakia,SK,2026-10-04,TV,1,East of Eden,East of Eden: Limited Series,1
Slovakia,SK,2026-10-04,TV,2,The Final Problem,The Final Problem: Limited Series,2
Slovakia,SK,2026-10-04,TV,3,Monster: The Lizzie Borden Story,Monster: The Lizzie Borden Story: Season 1,3
Slovakia,SK,2026-10-04,TV,4,Minerva Academy,Minerva Academy: Season 1,2
Slovakia,SK,2026-10-04,TV,5,LEGO ONE PIECE,LEGO ONE PIECE: Season 1,1
Slovakia,SK,2026-10-04,TV,6,Not a Stranger,Not a Stranger: Season 1,3
Slovakia,SK,2026-10-04,TV,7,The Gentlemen,The Gentlemen: Season 2,5
Slovakia,SK,2026-10-04,TV,8,Wonka's The Golden Ticket,Wonka's The Golden Ticket: Season 1,2
Slovakia,SK,2026-10-04,TV,9,Habeas Corpus,Habeas Corpus: Season 1,1
Slovakia,SK,2026-10-04,TV,10,Crew Girl,Crew Girl: Season 1,4
Slovenia,SI,2026-10-04,Films,1,UNABOMBER,,2
Slovenia,SI,2026-10-04,Films,2,The Widower: 'Til Death Do Us Part,,1
Slovenia,SI,2026-10-04,Films,3,Tag,,1
Slovenia,SI,2026-10-04,Films,4,Ted,,4
Slovenia,SI,2026-10-04,Films,5,Schumacher ’94 — The Birth of a Legend,,1
Slovenia,SI,2026-10-04,Films,6,CHIPS,,1
Slovenia,SI,2026-10-04,Films,7,The Whisper Man,,6
Slovenia,SI,2026-10-04,Films,8,Project X,,1
Slovenia,SI,2026-10-04,Films,9,Doing Life,,1
Slovenia,SI,2026-10-04,Films,10,Clash of the Titans,,1
Slovenia,SI,2026-10-04,TV,1,East of Eden,East of Eden: Limited Series,1
Slovenia,SI,2026-10-04,TV,2,Monster: The Lizzie Borden Story,Monster: The Lizzie Borden Story: Season 1,3
Slovenia,SI,2026-10-04,TV,3,The Rookie,The Rookie: Season 7,1
Slovenia,SI,2026-10-04,TV,4,The Gentlemen,The Gentlemen: Season 2,5
Slovenia,SI,2026-10-04,TV,5,Ghosts,Ghosts: Season 1,1
Slovenia,SI,2026-10-04,TV,6,Crew Girl,Crew Girl: Season 1,4
Slovenia,SI,2026-10-04,TV,7,The Final Problem,The Final Problem: Limited Series,2
Slovenia,SI,2026-10-04,TV,8,LEGO ONE PIECE,LEGO ONE PIECE: Season 1,1
Slovenia,SI,2026-10-04,TV,9,The Gentlemen,The Gentlemen: Season 1,17
Slovenia,SI,2026-10-04,TV,10,Not a Stranger,Not a Stranger: Season 1,3
South Africa,ZA,2026-10-04,Films,1,Doing Life,,1
South Africa,ZA,2026-10-04,Films,2,UNABOMBER,,2
South Africa,ZA,2026-10-04,Films,3,The Widower: 'Til Death Do Us Part,,1
South Africa,ZA,2026-10-04,Films,4,Ocean's 8,,1
South Africa,ZA,2026-10-04,Films,5,Why Did I Get Married Again?,,4
South Africa,ZA,2026-10-04,Films,6,We're the Millers,,3
South Africa,ZA,2026-10-04,Films,7,CHIPS,,2
South Africa,ZA,2026-10-04,Films,8,Demon Slayer: Kimetsu no Yaiba Infinity Castle I,,1
South Africa,ZA,2026-10-04,Films,9,White Chicks,,4
South Africa,ZA,2026-10-04,Films,10,Best of the Best,,3
South Africa,ZA,2026-10-04,TV,1,A Different World,A Different World: Season 1,2
South Africa,ZA,2026-10-04,TV,2,Blood Legacy,Blood Legacy: Season 2,2
South Africa,ZA,2026-10-04,TV,3,Ghosts,Ghosts: Season 1,1
South Africa,ZA,2026-10-04,TV,4,East of Eden,East of Eden: Limited Series,1
South Africa,ZA,2026-10-04,TV,5,The Four of Us,The Four of Us: Season 1,14
South Africa,ZA,2026-10-04,TV,6,Wonka's The Golden Ticket,Wonka's The Golden Ticket: Season 1,2
South Africa,ZA,2026-10-04,TV,7,Blood Legacy,Blood Legacy: Season 1,7
South Africa,ZA,2026-10-04,TV,8,Shaque: Trust No One,Shaque: Trust No One: Season 1,1
South Africa,ZA,2026-10-04,TV,9,Matlock,Matlock: Season 1,1
South Africa,ZA,2026-10-04,TV,10,Ghosts,Ghosts: Season 2,1
South Korea,KR,2026-10-04,Films,1,The Ultimate Duo,,2
South Korea,KR,2026-10-04,Films,2,UNABOMBER,,2
South Korea,KR,2026-10-04,Films,3,The Desperate Chase,,3
South Korea,KR,2026-10-04,Films,4,Clash of the Titans,,2
South Korea,KR,2026-10-04,Films,5,OK! Madam,,5
South Korea,KR,2026-10-04,Films,6,The Silence of the Lambs,,1
South Korea,KR,2026-10-04,Films,7,The Mummy,,1
South Korea,KR,2026-10-04,Films,8,Shelter,,6
South Korea,KR,2026-10-04,Films,9,Law Abiding Citizen,,4
South Korea,KR,2026-10-04,Films,10,Hansel & Gretel,,1
South Korea,KR,2026-10-04,TV,1,Kian’s Bizarre B&B,Kian’s Bizarre B&B: Season 2,2
South Korea,KR,2026-10-04,TV,2,Marriage of Convenience,Marriage of Convenience: Season 1,1
South Korea,KR,2026-10-04,TV,3,The Scandal,The Scandal: Limited Series,3
South Korea,KR,2026-10-04,TV,4,"Four Hands, Two Sonatas","Four Hands, Two Sonatas: Limited Series",6
South Korea,KR,2026-10-04,TV,5,I am Solo,I am Solo: Part 33,9
South Korea,KR,2026-10-04,TV,6,Your Personal Taxi,Your Personal Taxi: Season 1,1
South Korea,KR,2026-10-04,TV,7,Kian’s Bizarre B&B,Kian’s Bizarre B&B: Season 1,7
South Korea,KR,2026-10-04,TV,8,Mousetrap,Mousetrap: Limited Series,6
South Korea,KR,2026-10-04,TV,9,"I'm SOLO, Love goes on","I'm SOLO, Love goes on: 2026 Part 2",8
South Korea,KR,2026-10-04,TV,10,Teach You a Lesson,Teach You a Lesson: Limited Series,12
Spain,ES,2026-10-04,Films,1,UNABOMBER,,2
Spain,ES,2026-10-04,Films,2,Al otro barrio,,2
Spain,ES,2026-10-04,Films,3,Kraven the Hunter,,1
Spain,ES,2026-10-04,Films,4,The Soul Eater,,1
Spain,ES,2026-10-04,Films,5,The Widower: 'Til Death Do Us Part,,1
Spain,ES,2026-10-04,Films,6,Demon Slayer: Kimetsu no Yaiba Infinity Castle I,,1
Spain,ES,2026-10-04,Films,7,Doing Life,,1
Spain,ES,2026-10-04,Films,8,Late Night with the Devil,,1
Spain,ES,2026-10-04,Films,9,"Crazy Rich, Incredibly Broke",,1
Spain,ES,2026-10-04,Films,10,Oppenheimer,,2
Spain,ES,2026-10-04,TV,1,The Final Problem,The Final Problem: Limited Series,2
Spain,ES,2026-10-04,TV,2,Veneno,Veneno: Season 1,1
Spain,ES,2026-10-04,TV,3,East of Eden,East of Eden: Limited Series,1
Spain,ES,2026-10-04,TV,4,Not a Stranger,Not a Stranger: Season 1,3
Spain,ES,2026-10-04,TV,5,Monster: The Lizzie Borden Story,Monster: The Lizzie Borden Story: Season 1,3
Spain,ES,2026-10-04,TV,6,Minerva Academy,Minerva Academy: Season 1,2
Spain,ES,2026-10-04,TV,7,Habeas Corpus,Habeas Corpus: Season 1,1
Spain,ES,2026-10-04,TV,8,The Gentlemen,The Gentlemen: Season 2,5
Spain,ES,2026-10-04,TV,9,LEGO ONE PIECE,LEGO ONE PIECE: Season 1,1
Spain,ES,2026-10-04,TV,10,Ghosts,Ghosts: Season 1,1
Sri Lanka,LK,2026-10-04,Films,1,UNABOMBER,,2
Sri Lanka,LK,2026-10-04,Films,2,Vishwanath & Sons,,4
Sri Lanka,LK,2026-10-04,Films,3,Modha Rathri,,3
Sri Lanka,LK,2026-10-04,Films,4,Ocean's 8,,1
Sri Lanka,LK,2026-10-04,Films,5,Irumudi,,3
Sri Lanka,LK,2026-10-04,Films,6,Best of the Best,,3
Sri Lanka,LK,2026-10-04,Films,7,We're the Millers,,1
Sri Lanka,LK,2026-10-04,Films,8,Baby Do Die Do,,2
Sri Lanka,LK,2026-10-04,Films,9,Lust Stories 3,,3
Sri Lanka,LK,2026-10-04,Films,10,The Mummy,,1
Sri Lanka,LK,2026-10-04,TV,1,Shaque: Trust No One,Shaque: Trust No One: Season 1,2
Sri Lanka,LK,2026-10-04,TV,2,#Love,#Love: Season 1,1
Sri Lanka,LK,2026-10-04,TV,3,Ghosts,Ghosts: Season 1,1
Sri Lanka,LK,2026-10-04,TV,4,Monster: The Lizzie Borden Story,Monster: The Lizzie Borden Story: Season 1,3
Sri Lanka,LK,2026-10-04,TV,5,LEGO ONE PIECE,LEGO ONE PIECE: Season 1,1
Sri Lanka,LK,2026-10-04,TV,6,Crew Girl,Crew Girl: Season 1,4
Sri Lanka,LK,2026-10-04,TV,7,Wonka's The Golden Ticket,Wonka's The Golden Ticket: Season 1,2
Sri Lanka,LK,2026-10-04,TV,8,The Gentlemen,The Gentlemen: Season 2,5
Sri Lanka,LK,2026-10-04,TV,9,East of Eden,East of Eden: Limited Series,1
Sri Lanka,LK,2026-10-04,TV,10,Ghosts,Ghosts: Season 2,1
Sweden,SE,2026-10-04,Films,1,UNABOMBER,,2
Sweden,SE,2026-10-04,Films,2,The Widower: 'Til Death Do Us Part,,1
Sweden,SE,2026-10-04,Films,3,CHIPS,,1
Sweden,SE,2026-10-04,Films,4,We're the Millers,,1
Sweden,SE,2026-10-04,Films,5,Tag,,1
Sweden,SE,2026-10-04,Films,6,The Whisper Man,,6
Sweden,SE,2026-10-04,Films,7,Doing Life,,1
Sweden,SE,2026-10-04,Films,8,The Secret Woman,,6
Sweden,SE,2026-10-04,Films,9,Bamse and the World’s Smallest Adventure,,5
Sweden,SE,2026-10-04,Films,10,Aileen: Queen of the Serial Killers,,4
Sweden,SE,2026-10-04,TV,1,East of Eden,East of Eden: Limited Series,1
Sweden,SE,2026-10-04,TV,2,Monster: The Lizzie Borden Story,Monster: The Lizzie Borden Story: Season 1,3
Sweden,SE,2026-10-04,TV,3,LEGO ONE PIECE,LEGO ONE PIECE: Season 1,1
Sweden,SE,2026-10-04,TV,4,The Gentlemen,The Gentlemen: Season 2,5
Sweden,SE,2026-10-04,TV,5,Blood Sacrifice,Blood Sacrifice: Season 1,7
Sweden,SE,2026-10-04,TV,6,Matlock,Matlock: Season 1,1
Sweden,SE,2026-10-04,TV,7,Crew Girl,Crew Girl: Season 1,4
Sweden,SE,2026-10-04,TV,8,Wonka's The Golden Ticket,Wonka's The Golden Ticket: Season 1,2
Sweden,SE,2026-10-04,TV,9,Gabby's Dollhouse,Gabby's Dollhouse: Season 14,3
Sweden,SE,2026-10-04,TV,10,The Gentlemen,The Gentlemen: Season 1,15
Switzerland,CH,2026-10-04,Films,1,UNABOMBER,,2
Switzerland,CH,2026-10-04,Films,2,The Widower: 'Til Death Do Us Part,,1
Switzerland,CH,2026-10-04,Films,3,Doing Life,,1
Switzerland,CH,2026-10-04,Films,4,Novocaine,,2
Switzerland,CH,2026-10-04,Films,5,Schumacher ’94 — The Birth of a Legend,,1
Switzerland,CH,2026-10-04,Films,6,Demon Slayer: Kimetsu no Yaiba Infinity Castle I,,1
Switzerland,CH,2026-10-04,Films,7,How to Lose a Guy in 10 Days,,4
Switzerland,CH,2026-10-04,Films,8,The Whisper Man,,6
Switzerland,CH,2026-10-04,Films,9,Mickey 17,,2
Switzerland,CH,2026-10-04,Films,10,What's Your Number?,,1
Switzerland,CH,2026-10-04,TV,1,Not a Stranger,Not a Stranger: Season 1,3
Switzerland,CH,2026-10-04,TV,2,East of Eden,East of Eden: Limited Series,1
Switzerland,CH,2026-10-04,TV,3,The Final Problem,The Final Problem: Limited Series,2
Switzerland,CH,2026-10-04,TV,4,Monster: The Lizzie Borden Story,Monster: The Lizzie Borden Story: Season 1,3
Switzerland,CH,2026-10-04,TV,5,The Gentlemen,The Gentlemen: Season 2,5
Switzerland,CH,2026-10-04,TV,6,Minerva Academy,Minerva Academy: Season 1,2
Switzerland,CH,2026-10-04,TV,7,LEGO ONE PIECE,LEGO ONE PIECE: Season 1,1
Switzerland,CH,2026-10-04,TV,8,Crew Girl,Crew Girl: Season 1,4
Switzerland,CH,2026-10-04,TV,9,Habeas Corpus,Habeas Corpus: Season 1,1
Switzerland,CH,2026-10-04,TV,10,A Different World,A Different World: Season 1,1
Taiwan,TW,2026-10-04,Films,1,UNABOMBER,,2
Taiwan,TW,2026-10-04,Films,2,Where the River Flows,,1
Taiwan,TW,2026-10-04,Films,3,Kung Fu Hustle,,3
Taiwan,TW,2026-10-04,Films,4,Sunshine Women’s Choir,,7
Taiwan,TW,2026-10-04,Films,5,The Mummy,,1
Taiwan,TW,2026-10-04,Films,6,A Minecraft Movie,,3
Taiwan,TW,2026-10-04,Films,7,Girl,,1
Taiwan,TW,2026-10-04,Films,8,Unexpected Courage,,1
Taiwan,TW,2026-10-04,Films,9,That Time I Got Reincarnated as a Slime the Movie: Tears of the Azure Sea,,2
Taiwan,TW,2026-10-04,Films,10,The Mummy Returns,,2
Taiwan,TW,2026-10-04,TV,1,Irreplaceable,Irreplaceable: Season 1,1
Taiwan,TW,2026-10-04,TV,2,The Other Side,The Other Side: Season 1,1
Taiwan,TW,2026-10-04,TV,3,The Fixers,The Fixers: Season 1,3
Taiwan,TW,2026-10-04,TV,4,Plastic Beauty,Plastic Beauty: Season 1,3
Taiwan,TW,2026-10-04,TV,5,The Early Spring,The Early Spring: Season 1,6
Taiwan,TW,2026-10-04,TV,6,The Scandal,The Scandal: Limited Series,3
Taiwan,TW,2026-10-04,TV,7,STEEL BALL RUN JoJo’s Bizarre Adventure,STEEL BALL RUN JoJo’s Bizarre Adventure: 2nd-3rd STAGE,1
Taiwan,TW,2026-10-04,TV,8,"Four Hands, Two Sonatas","Four Hands, Two Sonatas: Limited Series",5
Taiwan,TW,2026-10-04,TV,9,Kian’s Bizarre B&B,Kian’s Bizarre B&B: Season 2,2
Taiwan,TW,2026-10-04,TV,10,Monster: The Lizzie Borden Story,Monster: The Lizzie Borden Story: Season 1,2
Thailand,TH,2026-10-04,Films,1,Haunted Universities 4,,1
Thailand,TH,2026-10-04,Films,2,UNABOMBER,,2
Thailand,TH,2026-10-04,Films,3,Haunted Universities 2nd Semester,,2
Thailand,TH,2026-10-04,Films,4,The Mummy,,1
Thailand,TH,2026-10-04,Films,5,Kung Fu Hustle,,5
Thailand,TH,2026-10-04,Films,6,Premika,,1
Thailand,TH,2026-10-04,Films,7,Ocean's 8,,1
Thailand,TH,2026-10-04,Films,8,The Mummy: Tomb of the Dragon Emperor,,1
Thailand,TH,2026-10-04,Films,9,The Mummy Returns,,1
Thailand,TH,2026-10-04,Films,10,Clash of the Titans,,2
Thailand,TH,2026-10-04,TV,1,Delusion,Delusion: Season 1,2
Thailand,TH,2026-10-04,TV,2,Irreplaceable,Irreplaceable: Season 1,1
Thailand,TH,2026-10-04,TV,3,Plastic Beauty,Plastic Beauty: Season 1,3
Thailand,TH,2026-10-04,TV,4,Crew Girl,Crew Girl: Season 1,3
Thailand,TH,2026-10-04,TV,5,The Early Spring,The Early Spring: Season 1,6
Thailand,TH,2026-10-04,TV,6,STEEL BALL RUN JoJo’s Bizarre Adventure,STEEL BALL RUN JoJo’s Bizarre Adventure: 2nd-3rd STAGE,1
Thailand,TH,2026-10-04,TV,7,The Scandal,The Scandal: Limited Series,3
Thailand,TH,2026-10-04,TV,8,Brothers,Brothers: Season 1,8
Thailand,TH,2026-10-04,TV,9,Monster: The Lizzie Borden Story,Monster: The Lizzie Borden Story: Season 1,3
Thailand,TH,2026-10-04,TV,10,Though I Am an Inept Villainess,Though I Am an Inept Villainess: Season 1,9
Trinidad and Tobago,TT,2026-10-04,Films,1,Doing Life,,1
Trinidad and Tobago,TT,2026-10-04,Films,2,The Equalizer 3,,1
Trinidad and Tobago,TT,2026-10-04,Films,3,UNABOMBER,,2
Trinidad and Tobago,TT,2026-10-04,Films,4,Demon Slayer: Kimetsu no Yaiba Infinity Castle I,,1
Trinidad and Tobago,TT,2026-10-04,Films,5,Black Adam,,2
Trinidad and Tobago,TT,2026-10-04,Films,6,Why Did I Get Married Again?,,4
Trinidad and Tobago,TT,2026-10-04,Films,7,The Mummy,,1
Trinidad and Tobago,TT,2026-10-04,Films,8,Sinners,,1
Trinidad and Tobago,TT,2026-10-04,Films,9,What's Your Number?,,1
Trinidad and Tobago,TT,2026-10-04,Films,10,Blood Work,,2
Trinidad and Tobago,TT,2026-10-04,TV,1,A Different World,A Different World: Season 1,2
Trinidad and Tobago,TT,2026-10-04,TV,2,East of Eden,East of Eden: Limited Series,1
Trinidad and Tobago,TT,2026-10-04,TV,3,Shaque: Trust No One,Shaque: Trust No One: Season 1,1
Trinidad and Tobago,TT,2026-10-04,TV,4,Raw,"Raw: September 28, 2026",1
Trinidad and Tobago,TT,2026-10-04,TV,5,Home Economics,Home Economics: Season 1,1
Trinidad and Tobago,TT,2026-10-04,TV,6,WWE SmackDown,"WWE SmackDown: October 2, 2026",1
Trinidad and Tobago,TT,2026-10-04,TV,7,Not a Stranger,Not a Stranger: Season 1,3
Trinidad and Tobago,TT,2026-10-04,TV,8,Wonka's The Golden Ticket,Wonka's The Golden Ticket: Season 1,2
Trinidad and Tobago,TT,2026-10-04,TV,9,Monster: The Lizzie Borden Story,Monster: The Lizzie Borden Story: Season 1,3
Trinidad and Tobago,TT,2026-10-04,TV,10,LEGO ONE PIECE,LEGO ONE PIECE: Season 1,1
Turkey,TR,2026-10-04,Films,1,UNABOMBER,,2
Turkey,TR,2026-10-04,Films,2,Sonic the Hedgehog 3,,1
Turkey,TR,2026-10-04,Films,3,The Creator,,1
Turkey,TR,2026-10-04,Films,4,The Silence of the Lambs,,1
Turkey,TR,2026-10-04,Films,5,Clash of the Titans,,2
Turkey,TR,2026-10-04,Films,6,Detective Brothers,,7
Turkey,TR,2026-10-04,Films,7,The Mummy,,1
Turkey,TR,2026-10-04,Films,8,Captive,,1
Turkey,TR,2026-10-04,Films,9,Cellular,,1
Turkey,TR,2026-10-04,Films,10,The Butterfly Effect,,1
Turkey,TR,2026-10-04,TV,1,Not a Stranger,Not a Stranger: Season 1,3
Turkey,TR,2026-10-04,TV,2,The Final Problem,The Final Problem: Limited Series,2
Turkey,TR,2026-10-04,TV,3,East of Eden,East of Eden: Limited Series,1
Turkey,TR,2026-10-04,TV,4,Graveyard,Graveyard: Season 3,6
Turkey,TR,2026-10-04,TV,5,The Mentalist,The Mentalist: Season 1,12
Turkey,TR,2026-10-04,TV,6,Ghosts,Ghosts: Season 1,1
Turkey,TR,2026-10-04,TV,7,Minerva Academy,Minerva Academy: Season 1,1
Turkey,TR,2026-10-04,TV,8,Monster: The Lizzie Borden Story,Monster: The Lizzie Borden Story: Season 1,3
Turkey,TR,2026-10-04,TV,9,Gupi,Gupi: Season 1,48
Turkey,TR,2026-10-04,TV,10,The Mentalist,The Mentalist: Season 2,10
Ukraine,UA,2026-10-04,Films,1,UNABOMBER,,2
Ukraine,UA,2026-10-04,Films,2,Black Bag,,1
Ukraine,UA,2026-10-04,Films,3,The Widower: 'Til Death Do Us Part,,1
Ukraine,UA,2026-10-04,Films,4,The Whisper Man,,6
Ukraine,UA,2026-10-04,Films,5,The Mummy,,4
Ukraine,UA,2026-10-04,Films,6,The Secret Woman,,6
Ukraine,UA,2026-10-04,Films,7,Doing Life,,1
Ukraine,UA,2026-10-04,Films,8,The Mummy,,3
Ukraine,UA,2026-10-04,Films,9,How to Lose a Guy in 10 Days,,5
Ukraine,UA,2026-10-04,Films,10,Schumacher ’94 — The Birth of a Legend,,1
Ukraine,UA,2026-10-04,TV,1,The Final Problem,The Final Problem: Limited Series,2
Ukraine,UA,2026-10-04,TV,2,East of Eden,East of Eden: Limited Series,1
Ukraine,UA,2026-10-04,TV,3,The Gentlemen,The Gentlemen: Season 2,5
Ukraine,UA,2026-10-04,TV,4,Monster: The Lizzie Borden Story,Monster: The Lizzie Borden Story: Season 1,3
Ukraine,UA,2026-10-04,TV,5,The Gentlemen,The Gentlemen: Season 1,34
Ukraine,UA,2026-10-04,TV,6,My New Shore,My New Shore: Season 1,2
Ukraine,UA,2026-10-04,TV,7,The Perfect Lie,The Perfect Lie: Season 1,4
Ukraine,UA,2026-10-04,TV,8,LEGO ONE PIECE,LEGO ONE PIECE: Season 1,1
Ukraine,UA,2026-10-04,TV,9,Taxi for a Cop,Taxi for a Cop: Season 1,4
Ukraine,UA,2026-10-04,TV,10,Crew Girl,Crew Girl: Season 1,4
United Arab Emirates,AE,2026-10-04,Films,1,UNABOMBER,,2
United Arab Emirates,AE,2026-10-04,Films,2,Demon Slayer: Kimetsu no Yaiba Infinity Castle I,,1
United Arab Emirates,AE,2026-10-04,Films,3,The Widower: 'Til Death Do Us Part,,1
United Arab Emirates,AE,2026-10-04,Films,4,Baby Do Die Do,,2
United Arab Emirates,AE,2026-10-04,Films,5,Wolf Man,,1
United Arab Emirates,AE,2026-10-04,Films,6,"Crazy Rich, Incredibly Broke",,1
United Arab Emirates,AE,2026-10-04,Films,7,Midnight Girls,,1
United Arab Emirates,AE,2026-10-04,Films,8,Ohh My Dog,,1
United Arab Emirates,AE,2026-10-04,Films,9,Modha Rathri,,3
United Arab Emirates,AE,2026-10-04,Films,10,The Mummy,,1
United Arab Emirates,AE,2026-10-04,TV,1,Shaque: Trust No One,Shaque: Trust No One: Season 1,2
United Arab Emirates,AE,2026-10-04,TV,2,The Great Indian Kapil Show,The Great Indian Kapil Show: Season 5,2
United Arab Emirates,AE,2026-10-04,TV,3,Monster: The Lizzie Borden Story,Monster: The Lizzie Borden Story: Season 1,3
United Arab Emirates,AE,2026-10-04,TV,4,Wonka's The Golden Ticket,Wonka's The Golden Ticket: Season 1,2
United Arab Emirates,AE,2026-10-04,TV,5,LEGO ONE PIECE,LEGO ONE PIECE: Season 1,1
United Arab Emirates,AE,2026-10-04,TV,6,East of Eden,East of Eden: Limited Series,1
United Arab Emirates,AE,2026-10-04,TV,7,The Gentlemen,The Gentlemen: Season 2,5
United Arab Emirates,AE,2026-10-04,TV,8,Ghosts,Ghosts: Season 1,1
United Arab Emirates,AE,2026-10-04,TV,9,Not a Stranger,Not a Stranger: Season 1,3
United Arab Emirates,AE,2026-10-04,TV,10,Chumbak,Chumbak: Season 1,4
United Kingdom,GB,2026-10-04,Films,1,The Widower: 'Til Death Do Us Part,,1
United Kingdom,GB,2026-10-04,Films,2,UNABOMBER,,2
United Kingdom,GB,2026-10-04,Films,3,Kraven the Hunter,,1
United Kingdom,GB,2026-10-04,Films,4,Sonic the Hedgehog 3,,2
United Kingdom,GB,2026-10-04,Films,5,The Lego Movie,,1
United Kingdom,GB,2026-10-04,Films,6,Doing Life,,1
United Kingdom,GB,2026-10-04,Films,7,Aileen: Queen of the Serial Killers,,4
United Kingdom,GB,2026-10-04,Films,8,How to Lose a Guy in 10 Days,,2
United Kingdom,GB,2026-10-04,Films,9,Wasteman,,2
United Kingdom,GB,2026-10-04,Films,10,The Whisper Man,,6
United Kingdom,GB,2026-10-04,TV,1,Outside,Outside: Season 1,1
United Kingdom,GB,2026-10-04,TV,2,Monster: The Lizzie Borden Story,Monster: The Lizzie Borden Story: Season 1,3
United Kingdom,GB,2026-10-04,TV,3,The Gentlemen,The Gentlemen: Season 2,5
United Kingdom,GB,2026-10-04,TV,4,Leaving,Leaving: Season 1,2
United Kingdom,GB,2026-10-04,TV,5,East of Eden,East of Eden: Limited Series,1
United Kingdom,GB,2026-10-04,TV,6,Wonka's The Golden Ticket,Wonka's The Golden Ticket: Season 1,2
United Kingdom,GB,2026-10-04,TV,7,The Gentlemen,The Gentlemen: Season 1,15
United Kingdom,GB,2026-10-04,TV,8,Ms. Rachel,Ms. Rachel: Season 3,1
United Kingdom,GB,2026-10-04,TV,9,Raw,"Raw: September 28, 2026",1
United Kingdom,GB,2026-10-04,TV,10,LEGO ONE PIECE,LEGO ONE PIECE: Season 1,1
United States,US,2026-10-04,Films,1,UNABOMBER,,2
United States,US,2026-10-04,Films,2,The Widower: 'Til Death Do Us Part,,1
United States,US,2026-10-04,Films,3,Doing Life,,1
United States,US,2026-10-04,Films,4,The Breadwinner,,2
United States,US,2026-10-04,Films,5,Horton Hears a Who!,,1
United States,US,2026-10-04,Films,6,The Thicket,,1
United States,US,2026-10-04,Films,7,What's Your Number?,,1
United States,US,2026-10-04,Films,8,Seduced by His Lies,,1
United States,US,2026-10-04,Films,9,Demon Slayer: Kimetsu no Yaiba Infinity Castle I,,1
United States,US,2026-10-04,Films,10,Top Gun: Maverick,,2
United States,US,2026-10-04,TV,1,A Different World,A Different World: Season 1,2
United States,US,2026-10-04,TV,2,East of Eden,East of Eden: Limited Series,1
United States,US,2026-10-04,TV,3,Wonka's The Golden Ticket,Wonka's The Golden Ticket: Season 1,2
United States,US,2026-10-04,TV,4,The Great British Baking Show,The Great British Baking Show: Collection 14,2
United States,US,2026-10-04,TV,5,Monster: The Lizzie Borden Story,Monster: The Lizzie Borden Story: Season 1,3
United States,US,2026-10-04,TV,6,Murder in a Small Town,Murder in a Small Town: Season 1,1
United States,US,2026-10-04,TV,7,Raw,"Raw: September 28, 2026",1
United States,US,2026-10-04,TV,8,Ms. Rachel,Ms. Rachel: Season 3,1
United States,US,2026-10-04,TV,9,Danny Go!,Danny Go!: Season 2,6
United States,US,2026-10-04,TV,10,LEGO ONE PIECE,LEGO ONE PIECE: Season 1,1
Uruguay,UY,2026-10-04,Films,1,UNABOMBER,,2
Uruguay,UY,2026-10-04,Films,2,The Equalizer 3,,1
Uruguay,UY,2026-10-04,Films,3,The Substance,,1
Uruguay,UY,2026-10-04,Films,4,What a Father!,,1
Uruguay,UY,2026-10-04,Films,5,The Widower: 'Til Death Do Us Part,,1
Uruguay,UY,2026-10-04,Films,6,Blood Work,,2
Uruguay,UY,2026-10-04,Films,7,Unhappily Ever After,,1
Uruguay,UY,2026-10-04,Films,8,Doing Life,,1
Uruguay,UY,2026-10-04,Films,9,Demon Slayer: Kimetsu no Yaiba Infinity Castle I,,1
Uruguay,UY,2026-10-04,Films,10,Black Adam,,2
Uruguay,UY,2026-10-04,TV,1,The Final Problem,The Final Problem: Limited Series,2
Uruguay,UY,2026-10-04,TV,2,Not a Stranger,Not a Stranger: Season 1,3
Uruguay,UY,2026-10-04,TV,3,Habeas Corpus,Habeas Corpus: Season 1,2
Uruguay,UY,2026-10-04,TV,4,Shaque: Trust No One,Shaque: Trust No One: Season 1,1
Uruguay,UY,2026-10-04,TV,5,My Sad Dead,My Sad Dead: Limited Series,2
Uruguay,UY,2026-10-04,TV,6,East of Eden,East of Eden: Limited Series,1
Uruguay,UY,2026-10-04,TV,7,Minerva Academy,Minerva Academy: Season 1,2
Uruguay,UY,2026-10-04,TV,8,Monster: The Lizzie Borden Story,Monster: The Lizzie Borden Story: Season 1,3
Uruguay,UY,2026-10-04,TV,9,Medusa,Medusa: Season 2,1
Uruguay,UY,2026-10-04,TV,10,The Perfect Lie,The Perfect Lie: Season 1,4
Venezuela,VE,2026-10-04,Films,1,UNABOMBER,,2
Venezuela,VE,2026-10-04,Films,2,The Equalizer 3,,1
Venezuela,VE,2026-10-04,Films,3,What a Father!,,1
Venezuela,VE,2026-10-04,Films,4,The Substance,,1
Venezuela,VE,2026-10-04,Films,5,"Crazy Rich, Incredibly Broke",,1
Venezuela,VE,2026-10-04,Films,6,Demon Slayer: Kimetsu no Yaiba Infinity Castle I,,1
Venezuela,VE,2026-10-04,Films,7,Riot,,3
Venezuela,VE,2026-10-04,Films,8,Unhappily Ever After,,1
Venezuela,VE,2026-10-04,Films,9,Black Adam,,2
Venezuela,VE,2026-10-04,Films,10,Doing Life,,1
Venezuela,VE,2026-10-04,TV,1,Not a Stranger,Not a Stranger: Season 1,3
Venezuela,VE,2026-10-04,TV,2,Irreplaceable,Irreplaceable: Season 1,1
Venezuela,VE,2026-10-04,TV,3,Shaque: Trust No One,Shaque: Trust No One: Season 1,1
Venezuela,VE,2026-10-04,TV,4,Medusa,Medusa: Season 2,1
Venezuela,VE,2026-10-04,TV,5,Minerva Academy,Minerva Academy: Season 1,2
Venezuela,VE,2026-10-04,TV,6,East of Eden,East of Eden: Limited Series,1
Venezuela,VE,2026-10-04,TV,7,The Final Problem,The Final Problem: Limited Series,2
Venezuela,VE,2026-10-04,TV,8,Habeas Corpus,Habeas Corpus: Season 1,1
Venezuela,VE,2026-10-04,TV,9,Monster: The Lizzie Borden Story,Monster: The Lizzie Borden Story: Season 1,3
Venezuela,VE,2026-10-04,TV,10,Crew Girl,Crew Girl: Season 1,4
Vietnam,VN,2026-10-04,Films,1,UNABOMBER,,2
Vietnam,VN,2026-10-04,Films,2,Kung Fu Hustle,,6
Vietnam,VN,2026-10-04,Films,3,Bunny!,,18
Vietnam,VN,2026-10-04,Films,4,The Silence of the Lambs,,1
Vietnam,VN,2026-10-04,Films,5,The Mummy,,1
Vietnam,VN,2026-10-04,Films,6,"Fish, Fists and Ambergris",,26
Vietnam,VN,2026-10-04,Films,7,Ocean's 8,,1
Vietnam,VN,2026-10-04,Films,8,Crazy Rich Asians,,3
Vietnam,VN,2026-10-04,Films,9,Clash of the Titans,,2
Vietnam,VN,2026-10-04,Films,10,The Mummy Returns,,3
Vietnam,VN,2026-10-04,TV,1,Irreplaceable,Irreplaceable: Season 1,1
Vietnam,VN,2026-10-04,TV,2,The Early Spring,The Early Spring: Season 1,6
Vietnam,VN,2026-10-04,TV,3,The Scandal,The Scandal: Limited Series,3
Vietnam,VN,2026-10-04,TV,4,Monster: The Lizzie Borden Story,Monster: The Lizzie Borden Story: Season 1,3
Vietnam,VN,2026-10-04,TV,5,"Four Hands, Two Sonatas","Four Hands, Two Sonatas: Limited Series",5
Vietnam,VN,2026-10-04,TV,6,STEEL BALL RUN JoJo’s Bizarre Adventure,STEEL BALL RUN JoJo’s Bizarre Adventure: 2nd-3rd STAGE,1
Vietnam,VN,2026-10-04,TV,7,LEGO ONE PIECE,LEGO ONE PIECE: Season 1,1
Vietnam,VN,2026-10-04,TV,8,Our Sticky Love,Our Sticky Love: Limited Series,9
Vietnam,VN,2026-10-04,TV,9,East of Eden,East of Eden: Limited Series,1
Vietnam,VN,2026-10-04,TV,10,Plastic Beauty,Plastic Beauty: Season 1,2
